Place_Id,Kuliner_Name,Description,Category,alamat,City,Rating,Coordinate,Lat,Long,Price,
1,Kuliner Gudeg Pecel Pasar Beringharjo Bu Yamtini,"Monumen Nasional atau yang populer disingkat dengan Monas atau Tugu Monas adalah monumen peringatan setinggi 132 meter (433 kaki) yang didirikan untuk mengenang perlawanan dan perjuangan rakyat Indonesia untuk merebut kemerdekaan dari pemerintahan kolonial Hindia Belanda. Pembangunan monumen ini dimulai pada tanggal 17 Agustus 1961 di bawah perintah presiden Soekarno dan dibuka untuk umum pada tanggal 12 Juli 1975. Tugu ini dimahkotai lidah api yang dilapisi lembaran emas yang melambangkan semangat perjuangan yang menyala-nyala. Monumen Nasional terletak tepat di tengah Lapangan Medan Merdeka, Jakarta Pusat.",Makanan,"Jl. Margo Mulyo Jl. Jend. Ahmad Yani, Ngupasan, Kec. Gondomanan, Kota Yogyakarta, Daerah Istimewa Yogyakarta 55122",Yogyakarta,4.2,"{'lat': -7.79871615565743, 'lng': 110.364959159926}",-7.798716156,110.3649592,8000,1
2,Soto Sampah,"Kota tua di Jakarta, yang juga bernama Kota Tua, berpusat di Alun-Alun Fatahillah, yaitu alun-alun yang ramai dengan pertunjukan rutin tarian tradisional. Museum Sejarah Jakarta adalah bangunan era Belanda dengan lukisan dan barang antik, sedangkan Museum Wayang memamerkan boneka kayu khas Jawa. Desa Glodok, atau Chinatown, terkenal dengan makanan kaki lima, seperti pangsit dan mi goreng. Di dekatnya, terdapat sekunar dan kapal penangkap ikan di pelabuhan Sunda Kelapa yang kuno",Makanan,"Jl. Kranggan No.2, Cokrodiningratan, Kec. Jetis, Kota Yogyakarta, Daerah Istimewa Yogyakarta 55233",Yogyakarta,4.3,"{'lat': -7.78162635992033, 'lng': 110.366923780015}",-7.78162636,110.3669238,6000,2
3,Kuliner Lesehan Malioboro,"Dunia Fantasi atau disebut juga Dufan adalah tempat hiburan yang terletak di kawasan Taman Impian Jaya Ancol, Jakarta Utara, Indonesia. Dufan diresmikan dan dibuka pada tanggal 29 Agustus 1985.",Makanan,"Jl. Malioboro No.143, Sosromenduran, Gedong Tengen, Kota Yogyakarta, Daerah Istimewa Yogyakarta 55271",Yogyakarta,4.3,"{'lat': -7.79180460164656, 'lng': 110.365836232641}",-7.791804602,110.3658362,18000,3
4,Kuliner jogja Pendopo Sop,"Taman Mini Indonesia Indah merupakan suatu kawasan taman wisata bertema budaya Indonesia di Jakarta Timur. Area seluas kurang lebih 150 hektare atau 1,5 kilometer persegi ini terletak pada koordinat 6°18′6.8″LS,106°53′47.2″BT",Makanan,"Ngupasan, Kec. Gondomanan, Kota Yogyakarta, Daerah Istimewa Yogyakarta 55122",Yogyakarta,4.5,"{'lat': -7.80320108368307, 'lng':110.363208002908}",-7.803201084,110.363208,30000,4
5,Kuliner Extrem Jogja Warung Afandi,"Atlantis Water Adventure atau dikenal dengan Atlantis Ancol akan menyuguhkan petualangan wisata air tak terlupakan. Tempat Wisata bertemakan permainan air dengan luas 5 hektar ini memberi sensasi petualangan di 8 kolam utama. Yaitu kolam Antila, Plaza Atlas, Poseidon, Aquarius, Octopus, Kiddy Pool, dan Atlantean. Berlokasi di kawasan Ancol Jakarta Baycity, Atlantis bisa menjadi pilihan destinasi yang pas untuk wisata berenang.",Makanan,"trimargo wetan 223, Cokrodiningratan, Kec. Jetis, Kota Yogyakarta, Daerah Istimewa Yogyakarta 55233",Yogyakarta,4.3,{'lat': -7.77878241517885 'lng': 110.366241239655},-7.778782415,110.3662412,20000,5
6,Pusat Kuliner Leyeh Leyeh,Taman Impian Jaya Ancol merupakan sebuah objek wisata di Jakarta Utara.\n\n,Makanan,"Jl. P. Mangkubumi No.10, Cokrodiningratan, Kec. Jetis, Kota Yogyakarta, Daerah Istimewa Yogyakarta 55233",Yogyakarta,4.5,"{'lat': -7.78213066768978, 'lng': 110.367302326738}",-7.782130668,110.3673023,50000,6
7,Kuliner Lor Tugu,"Kebun Binatang Ragunan adalah sebuah kebun binatang yang terletak di daerah Ragunan, Pasar Minggu, Jakarta Selatan, Indonesia. Kebun binatang seluas 140 hektare ini didirikan pada tahun 1864. Di dalamnya terdapat berbagai koleksi yang terdiri dari 295 spesies dan 4040 spesimen.\nRagunan sempat ditutup selama sekitar tiga minggu sejak 19 September 2005 karena hewan-hewan di dalamnya ada yang terinfeksi flu burung, tetapi dibuka kembali pada 11 Oktober 2005.Kebun binatang ini memiliki banyak spesies hewan yang langka antara lain kakatua, orangutan, gorila, anoa dan gajah",Makanan,"Jl. A.M. Sangaji, Cokrodiningratan, Kec. Jetis, Kota Yogyakarta, Daerah Istimewa Yogyakarta 55233",Yogyakarta,4.6,"{'lat': -7.78205115519559, 'lng': 110.36762476527}",-7.782051155,110.3676248,35000,7
8,wisata kuliner kridosono,"Ocean Ecopark Salah satu zona rekreasi Ancol yang menawarkan ruang terbuka hijau serta pengalaman dan tidak melupakan sisi pendidikan bagi para pengunjung. Beragam aktivitas dan wahana seru yang bisa dimainkan di tempat rekreasi keluarga, beberapa diantaranya : Outbondholic, Rumah Energy, Rumah Lebah, Kano, Paintball, Outbondholic, Eco-Market, Learning Farm, Eco-Bike, Faunaland. Kalau berencana berwisata ke Ocean Eco Park ancol tidak perlu khawatir dengan harga tiket masuknya. Karena harga tiket masuk Ocean Eco Park ditawarkan dengan harga yang masih terjangkau.",Makanan,"Jl. Yos Sudarso No.28, Kotabaru, Kec. Gondokusuman, Kota Yogyakarta, Daerah Istimewa Yogyakarta 55224",Yogyakarta,4.4,"{'lat': -7.78825706811677, 'lng': 110.373487355327}",-7.788257068,110.3734874,75000,8
9,Sugih Roso Kuliner Jogja,"Pelabuhan Marina Ancol berada di kawasan Taman Impian Jaya Ancol, Jakarta. Pelabuhan yang biasa disebut Dermaga Marina Ancol ini adalah kawasan yang tidak hanya untuk keperluan penyeberangan saja, tetapi juga dikembangkan untuk banyak hal, seperti wisata air, olahraga air maupun wahana bermain. Fungsi utama dari pelabuhan ini adalah untuk melayani para penumpang yang ingin menyeberang menuju ke kepulauan Seribu, begitu juga sebaliknya. Banyak orang yang berada di Jakarta dan sekitarnya, menjadikan kepulaun Seribu sebagai tujuan wisata yang utama. Liburan di Pulau Seribu memang mampu menghilangkan kepenatan bekerja di kota metropolitan, sembari menikmati keindahan pantai yang masih terjaga dengan baik. Marina Ancol berada di Jakarta Utara atau secara lengkap beralamat di Kota Tua, Ancol, Pademangan, Kota Jakarta. Sangat mudah menuju ke tempat ini karena tidak terlalu jauh dari pusat kota. Selain itu, ada banyak transportasi umum yang menuju ke tempat ini atau bisa juga menggunakan jasa transportasi online.",Makanan,"Kadipaten, Kecamatan Kraton, Kota Yogyakarta, Daerah Istimewa Yogyakarta 55132",Yogyakarta,5,"{'lat': -7.80599216022402, 'lng': 110.358418118914}",-7.80599216,110.3584181,62000,9
10,Bu Narti Super Spicy Meal,"Pulau Tidung adalah salah satu kelurahan di kecamatan Kepulauan Seribu Selatan, Kabupaten Kepulauan Seribu, Jakarta, Indonesia.",Makanan,"Jl. KH. Ahmad Dahlan No.107, Notoprajan, Ngampilan, Kota Yogyakarta, Daerah Istimewa Yogyakarta 55262",Yogyakarta,3.9,"{'lat': -7.8013056096039, 'lng': 110.357366432741}",-7.80130561,110.3573664,8600,10
11,Sego Koyor Bu Parman,"Pulau Bidadari merupakan salah satu resor di Kabupaten Kepulauan Seribu, Jakarta. Sebelum bernama Pulau Bidadari, pulau ini memiliki dua nama yaitu Pulau Sakit dan Pulau Purmerend",Makanan,"Jl. Brigjen Katamso No.111, Prawirodirjan, Kec. Gondomanan, Kota Yogyakarta, Daerah Istimewa Yogyakarta 55121",Yogyakarta,4.5,"{'lat': -7.80777001974405, 'lng': 110.369266598691}",-7.80777002,110.3692666,17000,11
12,Mamahke,"Pulau Pari adalah sebuah pulau yang terletak di Kepulauan Seribu di Daerah Khusus Ibukota Jakarta, Indonesia.",Makanan,"Jl. Taman Siswa No.143, Wirogunan, Kec. Mergangsan, Kota Yogyakarta, Daerah Istimewa Yogyakarta 55151",Yogyakarta,4.2,"{'lat': -7.81426296626749, 'lng': 110.376521077396}",-7.814262966,110.3765211,60000,12
13,Gudeg Permata Bu Narti,Pulau Pramuka merupakan salah satu pulau yang berada dalam gugusan Kepulauan Seribu. Pulau ini merupakan pusat administrasi dan pemerintahan Kabupaten Administrasi Kepulauan Seribu. Pulau Pramuka termasuk ke dalam wilayah Kelurahan Pulau Panggang.,Makanan,"Jl. Gajah Mada No.2, Gunungketur, Pakualaman, Kota Yogyakarta, Daerah Istimewa Yogyakarta 55111",Yogyakarta,4.5,"{'lat': -7.80121992173576, 'lng': 110.373197048811}",-7.801219922,110.373197,25000,13
14,Warung Brongkos Handayani,"Pulau Pelangi adalah sebuah pulau yang terletak di Kepulauan Seribu di Daerah Khusus Ibukota Jakarta, Indonesia. Pulau Pelangi adalah sebuah pulau yang terletak di Kepulauan Seribu di Daerah Khusus Ibukota Jakarta, Indonesia, Pulau Pelangi / biasa disebut Pulau Petondan Besar ( Pelangi Island ) merupakan pulau resort yang sesuai untuk berlibur. Pulau Resort ini mempunyai konsep natural, karena sebagian wilayahnya di penuhi dengan rerimbunan pohon yang menyejukan mata, Keindahan alam dan lautnya layak untuk dikunjungi. Dikelilingi oleh rimbunan pohon dan laut berwarana biru jernih membuat suasanan sejuk dan nyaman. Kondisi yang ideal untuk wisata bersama keluarga. Dengan akomodasi yang langsung menghadap ke laut membuat turis betah berlama-lama di Pulau Pelangi.\nMenurut informasi, Pulau Pelangi atau Pulau Petondan Besar merupakan pulau yang berada pada gugusan Kepulauan Seribu. Secara administratif termasuk dalam wilayah Kabupaten Administratif Kepulauan Seribu provinsi DKI Jakarta. Bersamaan dengan Pulau Petondan Kecil merupakan sebuah resort berlibur. Letaknya berdekatan dengan gugusan yang sama dengan Pulau Kelor dan Pulau Kelapa.\nUntuk mencapai Pelangi Resort dibutuhkan waktu 90 menit perjalanan dari dermaga Pantai Mutiara. Terdapat kapal speedboat khusus di pier R1 Pantai Mutiara yang membawa penumpang kesana. Letaknya 60 – 70 km dari Pantai Mutiara memang lumayan jauh. Namun perjalanan anda terbayar lunas begitu sampai di Pulau Pelangi.",Makanan,"Jl. Gading No.2, Patehan, Kecamatan Kraton, Kota Yogyakarta, Daerah Istimewa Yogyakarta 55133",Yogyakarta,4.5,"{'lat': -7.81264259902073, 'lng': 110.362996986549}",-7.812642599,110.362997,16000,14
15,Gudeg Mercon Bu Tinah,"Pasar Seni merupakan Pusat kerajinan dan kesenian yang menjadi wadah bagi seniman berbakat untuk menyalurkan kerajinan seni yang mereka miliki. Seniman dapat bertemu dengan para kolektor seni dan pengusaha untuk saling berbagi informasi dan memasarkan produk yang dimiliki. Didirikan awal tahun 1977, dengan peletakan batu pertama oleh Bang Ali Sadikin, Gubernur pertama DKI Jakarta, tepatnya pada bulan Juli 1977. Dan diresmikan oleh Gubernur H. Tjokropanolo pada tanggal 17 Desember 1977. Sejak diresmikan Pasar Seni, mendapat sambutan positif bagi pada pecinta seni yang ada.",Makanan,"Jl. Asem Gede No.8, Cokrodiningratan, Kec. Jetis, Kota Yogyakarta, Daerah Istimewa Yogyakarta 55233",Yogyakarta,4.2,"{'lat': -7.78147035560977, 'lng': 110.362680480107}",-7.781470356,110.3626805,15000,15
16,Pecel "Senggol" Beringharjo,"Jembatan Kota Intan adalah jembatan tertua di Indonesia yang dibangun pada tahun 1628 oleh pemerintah Vereenigde Oostindische Compagnie atau VOC, atau masyarakat kita lebih familiar dengan sebutan Kumpeni. Jembatan itu kini terletak di Kali Besar kawasan Kota Tua wilayah Jakarta Barat dan berada di bawah pengelolaan Dinas Pariwisata dan Kebudayaan Provinsi DKI Jakarta.",Makanan,"Ps. Beringharjo, Ps. Beringharjo,, Jl. Pabringan No.84, Ngupasan, Gondomanan, Yogyakarta City, Special Region of Yogyakarta 55122",Yogyakarta,4.6,"{'lat': -7.79879173255395, 'lng': 110.36527516065}",-7.798791733,110.3652752,10000,16
17,Kedai Kuliner Mbok Sum,"Museum Fatahillah memiliki nama resmi Museum Sejarah Jakarta adalah sebuah museum yang terletak di Jalan Taman Fatahillah No. 1, Jakarta Barat dengan luas lebih dari 1.300 meter persegi.\nBangunan ini dahulu merupakan balai kota Batavia (bahasa Belanda: Stadhuis van Batavia) yang dibangun pada tahun 1707-1710 atas perintah Gubernur-Jendral Joan van Hoorn. Bangunan ini menyerupai Istana Dam di Amsterdam, terdiri atas bangunan utama dengan dua sayap di bagian timur dan barat serta bangunan sanding yang digunakan sebagai kantor, ruang pengadilan, dan ruang-ruang bawah tanah yang dipakai sebagai penjara. Pada tanggal 30 Maret 1974, bangunan ini kemudian diresmikan oleh bapak Ali Sadikin sebagai Museum Sejarah Jakarta.",Makanan,"Jl. Pramuka, Giwangan, Kec. Umbulharjo, Kota Yogyakarta, Daerah Istimewa Yogyakarta 55161",Yogyakarta,4.3,"{'lat': -7.82243035251595, 'lng': 110.3897661829}",-7.822430353,110.3897662,22000,17
18,Nasi Teri Gejayan,"Museum Bank Indonesia adalah sebuah museum di Jakarta, Indonesia yang terletak di Jl. Pintu Besar Utara No.3, Jakarta Barat (depan stasiun Beos Kota), dengan menempati area bekas gedung Bank Indonesia Kota yang merupakan cagar budaya peninggalan De Javasche Bank yang beraliran neo-klasikal, dipadu dengan pengaruh lokal, dan dibangun pertama kali pada tahun 1828.\nPada tahun 1625, di tempat ini pernah dibangun sebuah gereja sederhana untuk umat Protestan. Pada tahun 1628, gereja ini dibongkar karena digunakan untuk tempat meriam besar ketika puluhan ribu tentara Sultan Agung menyerang Batavia untuk pertama kali.Museum ini menyajikan informasi peran Bank Indonesia dalam perjalanan sejarah bangsa yang dimulai sejak sebelum kedatangan bangsa barat di Nusantara hingga terbentuknya Bank Indonesia pada tahun 1953 dan kebijakan-kebijakan Bank Indonesia, meliputi pula latar belakang dan dampak kebijakan Bank Indonesia bagi masyarakat sampai dengan tahun 2005. Penyajiannya dikemas sedemikian rupa dengan memanfaatkan teknologi modern dan multi media, seperti display elektronik, panel statik, televisi plasma, dan diorama sehingga menciptakan kenyamanan pengunjung dalam menikmati Museum Bank Indonesia. Selain itu terdapat pula fakta dan koleksi benda bersejarah pada masa sebelum terbentuknya Bank Indonesia, seperti pada masa kerajaan-kerajaan Nusantara, antara lain berupa koleksi uang numismatik yang ditampilkan juga secara menarik.\nPeresmian Museum Bank Indonesia dilakukan melalui dua tahap, yaitu peresmian tahap I dan mulai dibuka untuk masyarakat (soft opening) pada tanggal 15 Desember 2006 oleh Gubernur Bank Indonesia saat itu, Burhanuddin Abdullah, dan peresmian tahap II (grand opening) oleh Presiden RI Susilo Bambang Yudhoyono, pada tanggal 21 Juli 2009.\nMuseum Bank Indonesia buka setiap hari kecuali Senin dan hari libur nasional.",Makanan,"Jl. Affandi No.5, Klitren, Kec. Gondokusuman, Kota Yogyakarta, Daerah Istimewa Yogyakarta 55222",Yogyakarta,4.4,"{'lat': -7.78231847736575, 'lng': 110.387723849674}",-7.782318477,110.3877238,25000,18
19,Sate Kere Pasar Beringharjo Mbah Suwarni,"KidZania adalah sebuah waralaba swasta Meksiko berupa pusat hiburan keluarga yang saat ini beroperasi di 23 lokasi, yang memungkinkan anak-anak melakukan pekerjaan orang dewasa dan mendapat bayaran. KidZania telah dikunjungi oleh lebih dari 31 juta pengunjung di seluruh dunia sejak pembukaannya, menjadikannya salah satu merek hiburan global yang paling cepat berkembang di dunia.",Makanan,"Jl. Pabringan No.16, Ngupasan, Kec. Gondomanan, Kota Yogyakarta, Daerah Istimewa Yogyakarta 55122",Yogyakarta,4.4,"{'lat': -7.79910435520786, 'lng': 110.365954853344}",-7.799104355,110.3659549,10000,19
20,Gudeg Mbah Lindu,"Museum Taman Prasasti adalah sebuah museum cagar budaya peninggalan masa kolonial Belanda yang berada di Jalan Tanah Abang No. 1, Jakarta Pusat. Museum ini memiliki koleksi prasasti nisan kuno serta miniatur makam khas dari 27 provinsi di Indonesia, beserta koleksi kereta jenazah antik. Museum seluas 1,2 ha ini merupakan museum terbuka yang menampilkan karya seni dari masa lampau tentang kecanggihan para pematung, pemahat, kaligrafer dan sastrawan yang menyatu.",Makanan,"Jl. Sosrowijayan No.41-43, Sosromenduran, Gedong Tengen, Kota Yogyakarta, Daerah Istimewa Yogyakarta 55271",Yogyakarta,4.6,"{'lat': -7.79167152622126, 'lng': 110.363188802875}",-7.791671526,110.3631888,20000,20
21,Angkringan Pak Jabrik,"Museum Wayang adalah sebuah museum yang berlokasi di Jalan Pintu Besar Utara Nomor 27, Jakarta Barat.",Makanan,"Jl. Pangeran Mangkubumi, Gowongan, Kec. Jetis, Kota Yogyakarta, Daerah Istimewa Yogyakarta 55233",Yogyakarta,4.2,"{'lat':-7.78550668873989, 'lng': 110.366899770381}",-7.785506689,110.3668998,15000,21
22,Bakmi Mbah Gito,"Masjid Istiqlal (arti harfiah: Masjid Merdeka) adalah masjid nasional negara Republik Indonesia yang terletak di bekas Taman Wilhelmina, di Timur Laut Lapangan Medan Merdeka yang di tengahnya berdiri Monumen Nasional (Monas), di pusat ibukota Jakarta. Masjid ini merupakan salah satu dari 10 masjid terbesar kapasitasnya di dunia yang dapat menampung lebih dari 200.000 jamaah. Di seberang Timur masjid ini berdiri Gereja Katedral Jakarta. Ketua Harian Badan Pengelola Masjid Istiqlal (BPMI) sekaligus Imam Besar Masjid Istiqlal adalah Prof. Dr. Nasaruddin Umar, M.A. Pembangunan masjid ini diprakarsai oleh Presiden Republik Indonesia saat itu, Ir. Soekarno. Peletakan batu pertama sebagai tanda dimulainya pembangunan Masjid Istiqlal dilakukan oleh Ir. Soekarno pada tanggal 24 Agustus 1961. Arsitek Masjid Istiqlal adalah Frederich Silaban, seorang Nasrani.Masjid ini memiliki gaya arsitektur modern dengan dinding dan lantai berlapis marmer, dihiasi ornamen geometrik dari baja antikarat. Bangunan utama masjid ini terdiri dari lima lantai dan satu lantai dasar. Bangunan utama itu dimahkotai satu kubah besar berdiameter 45 meter yang ditopang 12 tiang besar. Menara tunggal setinggi total 96,66 meter menjulang di sudut Selatan selasar masjid. Masjid ini mampu menampung lebih dari 200.000 jamaah.Selain digunakan sebagai aktivitas ibadah umat Islam, masjid ini juga digunakan sebagai kantor berbagai organisasi Islam di Indonesia, aktivitas sosial, dan kegiatan umum. Masjid ini juga menjadi salah satu daya tarik wisata yang terkenal di Jakarta. Kebanyakan wisatawan yang berkunjung umumnya wisatawan domestik di samping sebagian wisatawan asing yang beragama Islam. Masyarakat non-Muslim juga dapat berkunjung ke masjid ini setelah sebelumnya mendapat pembekalan informasi mengenai Islam dan Masjid Istiqlal, meskipun bagian yang boleh dikunjungi kaum non-Muslim terbatas dan harus didampingi pemandu.\nPada tiap hari besar Islam seperti Ramadhan, Idul Fitri, Idul Adha, Tahun Baru Hijriyah, Maulid Nabi Muhammad serta Isra dan Mi'raj, Presiden Republik Indonesia selalu mengadakan kegiatan keagamaan di masjid ini yang disiarkan secara langsung melalui televisi nasional (TVRI) dan sebagian televisi swasta.",Makanan,"Jl. Nyi Ageng Nis No.9, Rejowinangun, Kec. Kotagede, Kota Yogyakarta, Daerah Istimewa Yogyakarta 55171",Yogyakarta,4.3,"{'lat': -7.81335650545829, 'lng': 110.397154007848}",-7.813356505,110.397154,40000,22
23,GUDEG IBU KOTA,"Gereja Katedral Jakarta, atau bernama resmi Gereja Santa Maria Diangkat Ke Surga (bahasa Jerman: De Kerk van Onze Lieve Vrouwe ten Hemelopneming; bahasa Inggris: The Church of Our Lady of the Assumption) adalah sebuah gereja di Jakarta. Gedung gereja ini diresmikan pada 1901 dan dibangun dengan arsitektur neo-gotik dari Eropa, yakni arsitektur yang sangat lazim digunakan untuk membangun gedung gereja beberapa abad yang lalu.",Makanan,"Jl. Urip Sumoharjo No.88, Klitren, Kec. Gondokusuman, Kota Yogyakarta, Daerah Istimewa Yogyakarta 55222",Yogyakarta,4.3,"{'lat': -7.78314388808871, 'lng': 110.383188008123}",-7.783143888,110.383188,20000,23
24,Lesehan gudeg Bu Sastro Malioboro yogyakarta,"Museum Nasional Republik Indonesia atau Museum Gajah, adalah sebuah museum arkeologi, sejarah, etnografi, dan geografi yang terletak di Jakarta Pusat dan persisnya di Jalan Merdeka Barat 12. Museum ini merupakan museum pertama dan terbesar di Asia Tenggara.",Makanan,"Jl. Malioboro No.56, Suryatmajan, Kec. Danurejan, Kota Yogyakarta, Daerah Istimewa Yogyakarta 55212",Yogyakarta,4.4,"{'lat': -7.79151967219092, 'lng': 110.366674930757}",-7.791519672,110.3666749,35000,24
25,Lupis Mbah Satinem,"Pasar Tanah Abang atau Pasar Sabtu dibangun oleh Yustinus Vinck pada 30 Agustus 1735. Yustinus Vinck mendirikan Pasar Tanah Abang Pasar atas izin dari Gubernur Jenderal Abraham Patramini. Izin yang diberikan saat itu untuk Pasar Tanah Abang adalah untuk berjualan tekstil serta barang kelontong dan hanya buka setiap hari Sabtu. Oleh karena itu, pasar ini disebut Pasar Sabtu. Pasar ini mampu menyaingi Pasar Senen (Welter Vreden) yang sudah lebih dulu maju.\nPada tahun 1740 terjadi Peristiwa Geger Pecinan, yaitu pembantaian orang-orang Tionghoa, perusakan harta benda, termasuk Pasar Tanah Abang diporakporandakan dan dibakar. Pada tahun 1881, Pasar Tanah Abang kembali dibangun dan yang tadinya dibuka pada hari Sabtu, ditambah hari Rabu, sehingga Pasar Tanah Abang dibuka 2 kali seminggu. Bangunan Pasar pada mulanya sangat sederhana,terdiri dari dinding bambu dan papan serta atap rumbia dari 229 papan dan 139 petak bambu. Pasar Tanah Abang terus mengalami perbaikan hingga akhir abad ke-19 dan bagian lantainya mulai dikeraskan dengan pondasi adukan. Pada tahun 1913, Pasar Tanah Abang kembali diperbaiki. Pada tahun 1926 pemerintah Batavia membongkar Pasar Tanah Abang dan diganti bangunan permanen berupa tiga los panjang dari tembok dan papan serta beratap genteng, dengan kantor pasarnya berada di atas bangunan pasar mirip kandang burung. Pelataran parkir di depan pasar menjadi tempat parkir kuda-kuda penarik delman dan gerobak. Di situ tersedia kobakan air yang cukup besar, dan di seberang jalan ada toko yang khusus menjual dedak makanan kuda. Beberapa puluh meter dari toko dedak ada sebuah gang yang dikenal sebagai Gang Madat, tempat lokalisasi para pemadat.\nPada zaman pendudukan Jepang, pasar ini hampir tidak berfungsi, dan menjadi tempat para gelandangan.\nPasar Tanah Abang semakin berkembang setelah dibangunnya Stasiun Tanah Abang. Di tempat tersebut mulai dibangun tempat-tempat seperti Masjid Al Makmur dan Klenteng Hok Tek Tjen Sien yang keduanya seusia dengan Pasar Tanah Abang. Pada tahun 1973, Pasar Tanah Abang diremajakan, diganti dengan 4 bangunan berlantai empat, dan sudah mengalami dua kali kebakaran, pertama tanggal 30 Desember 1978, Blok A di lantai tiga dan kedua menimpa Blok B tanggal 13 Agustus 1979. Pada tahun 1975 tercatat kiosnya ada 4.351 buah dengan 3.016 pedagang.",Makanan,"Jl. Bumijo No.52-40, Bumijo, Kec. Jetis, Kota Yogyakarta, Daerah Istimewa Yogyakarta 55231",Yogyakarta,4.6,"{'lat': -7.78310998077108, 'lng': 110.363502002141}",-7.783109981,110.363502,10000,25
26,Gudeg Yu Djum,"Kawasan Glodok yang dikenal sebagai pusat perdagangan elektronik sendiri dulunya merupakan bekas Penjara Glodok yang angker. Lokasi ini berada di seberang Glodok-Pancoran di kawasan Harco. Sebelum terjadi kerusuhan Mei 1998, kawasan ini sempat menjadi pusat belanja elektronik bagi wisatawan Jepang, Taiwan, dan Hongkong. Di Pinangsia, masyarakat bisa menemukan produk perlengkapan rumah tangga dan bangunan. Selain wisata belanja, pecinan Glodok-Pancoran juga merupakan situs sejarah awal mula Kota Jakarta. Setelah etnis Tionghoa bermukim dan membangun bisnis, serta perkebunan tebu, Batavia mulai berkembang pesat.",Makanan,"Jl. Wijilan No.167, Panembahan, Kecamatan Kraton, Kota Yogyakarta, Daerah Istimewa Yogyakarta 55131",Yogyakarta,4.3,"{'lat': -7.80492911258682, 'lng': 110.366757428255}",-7.804929113,110.3667574,25000,26
27,Gudeg Basah Mbok Mandeg,"Seaworld Indonesia adalah sebuah miniatur pesona laut yang terdapat dalam kompleks wisata pertama di Taman Impian Jaya Ancol.\nPada tanggal 2 Oktober 1992, Gubernur DKI masa itu, Wiyogo Atmodarminto meletakkan batu pertama pembangunan Seaworld Indonesia. Tidak sampai dua tahun, pada tanggal 3 Juni 1994 SeaWorld Indonesia sudah mulai beroperasi. Area Seaworld seluas 3 hektare dengan luas bangunan utama 4.500 m2 berisi berbagai macam akuarium, lorong Antasena (lorong bawah air), perpustakaan, museum, terapi ikan dokter, glow theatre, komputer edukatif layar sentuh berisi informasi berbagai spesies di Seaworld dan bermacam fasilitas pelengkap untuk pengunjung seperti tempat makan, toko suvenir, dan ruang serba guna.",Makanan,"Jl. Parangtritis No.Km. 2,5, Mantrijeron, Kec. Mantrijeron, Kota Yogyakarta, Daerah Istimewa Yogyakarta 55143",Yogyakarta,4.4,"{'lat': -7.82570753283619, 'lng': 110.367441267941}",-7.825707533,110.3674413,25000,27
28,Lesehan Gudeg & Oseng-oseng "bu Endang",Kawasan Wisata Agro Edukatif Istana Susu “Cibugary” (Cibubur Garden Dairy ) merupakan suatu kawasan agro peternakan sapi perah bernuansa kebun dan taman. Wisata edukasi Cibubur Garden Dairy (CIBUGARY) merupakan salah wisata edukasi yang diminati siswa sekolah. Edukasi pengenalan peternakan sapi memberikan pengalaman yang tidak dapat dilupakan oleh siswa sekolah. Kegiatan edukasi yang tidak terlalu banyak dan menyenangkan ini sangat disukai siswa sekolah. Dengan berwisata edukasi ini dapat menambah ilmu dan pengalaman secara langsung bagi siswa sekolah. Paket wisata edukatif Istana Susu Cibugary dihargai antara Rp 35.000 sampai Rp 65.000 per orang. Harga tersebut sudah termasuk beberapa botol susu pasteurisasi dan goodybag cibugary.,Makanan,"Jl. Laksda Adisucipto No.264, Ambarukmo, Caturtunggal, Kec. Depok, Kabupaten Sleman, Daerah Istimewa Yogyakarta 55281",Yogyakarta,4.1,"{'lat': -7.78308779704268, 'lng': 110.399850310542}",-7.783087797,110.3998503,20000,28
29,Kebelet Belut - Jogjakarta,"Pecenongan merupakan salah satu surga kuliner di Jakarta Pusat yang dikenal sejak zaman Jakarta masih bernama kota Batavia. Dulunya di kawasan ini terdapat pedagang kaki lima yang menjajakan kuliner di pinggir jalan, tetapi tahun demi tahun kawasan Pecenongan semakin ramai dengan adanya rumah makan-rumah makan yang mulai dibangun. Kawasan pecenongan ini cocok bagi kalian yang ingin berwisata kuliner dimalam hari, beragam jenis kuliner yang pastinya membuat kamu kebingungan ingin mencoba yang mana terlebih dahulu. Tak heran jika orang yang sudah pernah mencoba pergi kulineran ke sini pasti akan kembali lagi.",Makanan,"Jl. Ipda Tut Harsono No.42, Muja Muju, Kec. Umbulharjo, Kota Yogyakarta, Daerah Istimewa Yogyakarta 55165",Yogyakarta,4.1,"{'lat': -7.7966752392197, 'lng': 110.392862198726}",-7.796675239,110.3928622,20000,29
30,The House of Raminten,"Taman Menteng adalah sebuah taman yang berlokasi di kawasan Menteng, Jakarta Pusat. Taman ini dulunya ditempati oleh Stadion Menteng.\nTaman ini berdiri di atas lahan seluas 2,9 hektar, dan memiliki koleksi 30 spesies tanaman yang berbeda. Taman Menteng juga memiliki beragam fasilitas pendukung seperti taman bermain untuk anak-anak serta lapangan futsal dan basket. Uniknya, di taman ini terdapat pula 44 sumur resapan untuk membantu penyerapan air hujan ke dalam tanah.",Makanan,"Jl. Faridan M Noto No.7, Kotabaru, Kec. Gondokusuman, Kota Yogyakarta, Daerah Istimewa Yogyakarta 55224",Yogyakarta,4.5,"{'lat': -7.78517809674377, 'lng': 110.371387770034}",-7.785178097,110.3713878,15000,30
31,Raminten's Kitchen,"Jangan anggap di Jakarta tidak ada wisata alam. Langsung meluncur ke Jakarta Utara, tepatnya di Kamal Muara Penjaringan atau Pantai Indah Kapuk. Di daerah ini terdapat area wisata alam yaitu Taman Wisata Mangrove Jakarta yang sekarang dan beberapa tahun belakangan tengah hits. Di kawasan ini terdapat tiga area, satu berupa Suaka Margasatwa Muara Angke yang tertutup untuk umum, Hutan Mangrove milik Pemprov DKI tetapi kurang begitu menarik untuk wisata. Selanjutnya Taman Wisata Alam Mangrove Angke yang memang merupakan area wisata berbasis konservasi mangrove.",Makanan,"Jl. Sabirin, Kotabaru, Kec. Gondokusuman, Kota Yogyakarta, Daerah Istimewa Yogyakarta 55224",Yogyakarta,4.3,"{'lat': -7.78440314503814, 'lng': 110.372105157817}",-7.784403145,110.3721052,15000,31
32,Tahu Gimbal Pak Yono,"Setu Babakan atau Danau Babakan terletak di Srengseng Sawah, kecamatan Jagakarsa, Kotamadya Jakarta Selatan, Indonesia dekat Depok yang berfungsi sebagai pusat Perkampungan Budaya Betawi, suatu area yang diperuntukkan untuk pelestarian warisan budaya Jakarta, yaitu budaya asli Betawi.\nPerkampungan budaya Betawi ini didirikan pada tanggal 18 Agustus 2000 melalui Surat Keputusan Gubernur DKI Nomor 92 tahun 2000 yang dikeluarkan oleh Gubernur DKI Jakarta pada waktu itu yaitu Sutiyoso\nSitu Babakan merupakan danau buatan dengan area 30 hektare (79 akre) dengan kedalaman 1-5 meter dimana airnya berasal dari Sungai Ciliwung dan saat ini digunakan sebagai tempat wisata alternatif, bagi warga dan para pengunjung.\nTaman disekitarnya ditanami dengan beragam pohon buah-buahan yaitu Mangga, Palem, Melinjo, Rambutan, Jambu, Pandan, Kecapi, Jamblang, Krendang, Guni, Nangka Cimpedak, Nam-nam, dan Jengkol.\nBanyak kuliner khas Betawi terdapat disini, antara lain Kerak Telor, Toge Goreng, Arum Manis, Rujak Bebek, Soto Betawi, Es Potong, Es Duren, Bir Pletok, Nasi Uduk, Nasi Ulam, Lontong Sayur, dll.\nWisata budaya yang disajikan antara laim rumah-rumah khas Betawi yang dibagi menjadi 3 macam, pertama rumah Betawi gudang atau kandang, kedua rumah Betawi Kebaya atau Bapang, dan yang ketiga adalah rumah Joglo, hampir serupa dengan rumah khas Yogyakarta.\nKeseniannya berupa Lenong, Tari Topeng, Tanjidor, Marawis, Gambang Kromong, Tari Lenggang Nyai, dan Tari Narojeng.\nUpacara Adat yang ada di perkampungan Betawi Setu Babakan adalah Penganten Sunat, Pindah Rumah, Khatam Qur'an, dan Nujuh Bulan.\nMayoritas penduduk di Setu Babakan adalah Betawi, dengan program dari pemda DKI untuk memperbaiki sarana dan prasarana yang ada untuk mengakomodasi kebutuhan ruang terbuka hijau, serta area untuk resapan air, setu babakan berbenah diri dengan dukungan penuh dari pemda DKI\nFungsi dari Setu ini bukan hanya untuk tempat melestarikan kebudayaan betawi yang makin tergerus oleh zaman, tetapi digunakan juga sebagai tempat alternatif rekreasi yang berlokasi di selatan jakarta. selain fungsi utamanya sebagai penampung air resapan untuk selatan jakarta,",Makanan,"Jl. Tentara Rakyat Mataram No.35, Bumijo, Kec. Jetis, Kota Yogyakarta, Daerah Istimewa Yogyakarta 55231",Yogyakarta,4.5,"{'lat': -7.7867608795336, 'lng': 110.357457463769}",-7.78676088,110.3574575,75000,32
33,Yammie Pathuk Kemetiran Kidul Yogyakarta,"Taman Suropati (awalnya bernama Burgemeester Bisschopplein) adalah nama sebuah taman di Jakarta. Pada awalnya nama taman ini diambil dari nama wali kota Batavia pertama, G.J. Bisshop (1916–1920). Taman ini merupakan pusat kawasan Menteng, berada tepat di antara pertemuan tiga jalan utama, yaitu Menteng Boulevard (Jalan Teuku Umar), Orange Boulevard (Jalan Diponegoro), dan Nassau Boulevard (Jalan Imam Bonjol). Lapangan yang kini disebut sebagai Taman Suropati ini sejak tahun 1920 sudah menggantikan lapangan bundar yang luas dalam Rencana Moojen. Taman Suropati, yang disebut-sebut sebagai titik nol Republik Indonesia, menjadi taman yang rindang dan sejak beberapa tahun yang lalu dihiasi dengan patung-patung karya pematung dari negara-negara pendiri Perhimpunan Bangsa-Bangsa Asia Tenggara.",Makanan,"Jl. Kemetiran Kidul No.63, Pringgokusuman, Gedong Tengen, Kota Yogyakarta, Daerah Istimewa Yogyakarta 55272",Yogyakarta,4.5,"{'lat': -7.79324973899005, 'lng': 110.358075532321}",-7.793249739,110.3580755,20000,33
34,Mie Ayam Bu Tumini Sari Rasa Jati Ayu,"Taman Puring bukanlah taman secara harfiah. Sejak eksis di tahun 1960 silam, Taman Puring adalah sebuah pasar. Selama bertahun-tahun, pasar ini sempat menjadi pasar gelap alias pasar barang-barang ilegal. Antara tahun 1980-1990an, pasar ini makin dijauhi masyarakat karena menjadi sentra barang-barang hasil tindakan kriminal. Sejak terbakar pada 2002, Pasar Taman Puring perlahan berbenah diri hingga sekarang menjadi destinasi belanja akhir pekan favorit warga Jakarta. Ada ratusan kios sepatu pria mulai dari sepatu kulit, sepatu gunung, sepatu futsal, hingga sepatu gaul khas anak muda. Beragam merk mulai dari Adidas, Caterpillar, Nike, Karrimor, Vans, hingga Converse tersedia dalam berbagai model dan warna.",Makanan,"Jl. Imogiri Tim. No.187, Giwangan, Kec. Umbulharjo, Kota Yogyakarta, Daerah Istimewa Yogyakarta 55163",Yogyakarta,4.5,"{'lat': -7.83377252757425, 'lng': 110.390716786114}",-7.833772528,110.3907168,12000,34
35,Bakso Klenger Ratu Sari (Meatball),"Kalau ingin puas menikmati bakso dengan daging kenyal gurih dan ukuran tak biasa, mampirlah ke Bakso Klenger Ratu Sari yang ada di Jl. Wahid Hasyim, Yogyakarta. Pencinta bakso dijamin puas dan kenyang!
Baca artikel detikfood, ""Bakso Klenger Ratu Sari : Siapa Mau Habiskan Bakso Super Jumbo 20 Kg?"" selengkapnya https://food.detik.com/warung-makan/d-4619598/bakso-klenger-ratu-sari--siapa-mau-habiskan-bakso-super-jumbo-20-kg.",Makanan,"Jl. Wahid Hasyim No.296, Nologaten, Caturtunggal, Kec. Depok, Kabupaten Sleman, Daerah Istimewa Yogyakarta 55281",Yogyakarta,4.5,"{'lat': -7.77912487770799, 'lng': 110.400129589356}",-7.779124878,110.4001296,45000,35
36,Gudeg Bromo Bu Tekluk,"Kuliner Bu Tekluk ini menjadi terkenal bukan proses yang singkat. Sudah dimulai sejak tahun 1984 yang lalu. Nama aslinya adalah Gudeg Bromo, namun oleh para pengunjungnya disebut dengan Gudeg Bu Tekluk. Perintis usaha kuliner ini aslinya bernama Bu Sumijo.
Ternyata penamaan ini bukan sembarangan. Kata ‘tekluk’ sendiri dalam bahasa Jawa memiliki arti terkantuk-kantuk sampai kepalanya tidak sengaja tertunduk. Dan maklum saja, lantaran berjualan di malam hari, penjulanya seringkali tertangkap basah sedang terkantuk-kantuk kala melayani para pembeli.",Makanan,"Jl. Affandi No.2-A, Santren, Caturtunggal, Kec. Depok, Kabupaten Sleman, Daerah Istimewa Yogyakarta 55281",Yogyakarta,4.3,"{'lat': -7.77372863478475, 'lng': 110.389590124126}",-7.773728635,110.3895901,20000,36
37,Warung Makan Ayam Geprek Bu Rum 1,"Keistimewaan Ayam Geprek Bu Rum ini terletak pada sambalnya. Terutama sambal bawang yang pedas. Sambalnya sederhana hanya berisi cabai, bawang putih, dan garam. Kepedasannya bisa disesuaikan dengan selera pembelinya. Bahkan kita juga bisa minta tambahan terasi atau tomat segar agar terasa lebih lezat.  
""Pedasnya selera yang minta. Tapi kalau cabainya lebih dari 10 buah kena charge. 15 cabai itu nambah seribu. Itu cuma kalau cabai lagi mahal saja,"" tutur menantu dari anak ketiga Bu Rum itu. ",Makanan,"Jl. Wulung, Papringan, Caturtunggal, Kec. Depok, Kabupaten Sleman, Daerah Istimewa Yogyakarta 55281",Yogyakarta,4.5,"{'lat': -7.77569048109551, 'lng': 110.395405030913}",-7.775690481,110.395405,75000,37
38,Bungong Jeumpa,"Varian Mie Aceh yang terdapat di sini yaitu Mie Aceh Telur, Mie Aceh Ayam, Mie Aceh Udang, Mie Aceh Cumi, Mie Aceh Daging Sapi, Mie Aceh Rendang, dan masih banyak lainnya. Aneka Mie Aceh tersebut dibanderol dengan harga mulai dari Rp12.000 sampai Rp28.000.
Lebih lanjut, terdapat aneka Nasi Goreng Aceh di Bungong Jeumpa. Beberapa varian Nasi Goreng Aceh di antaranya Nasi Goreng Ayam, Nasi Goreng Spesial, Nasi Goreng Kari Ayam, Nasi Goreng Rendang, Nasi Goreng Udang, dan beberapa lainnya. Varian menu nasi goreng dipatok dengan harga mulai dari Rp15.000 sampai Rp28.000.",Makanan,"Jl. R.W. Monginsidi No.12, Karangwaru, Kec. Tegalrejo, Kota Yogyakarta, Daerah Istimewa Yogyakarta 55241",Yogyakarta,4.3,"{'lat': -7.77792167081227, 'lng': 110.364476040933}",-7.777921671,110.364476,75000,38
39,SGPC Bu Wiryo 1959,"SEGO Pecel Bu Wiryo 1959 merupakan kuliner legendaris Jogjakarta. Nasi dengan sayuran bermandi bumbu kacang selalu pas disantap setiap saat. Selain cita rasanya yang khas, warung di Jalan Argo CT VIII, Klebengan, itu bagaikan monumen kenangan masa lalu.",Makanan,"Jl. Agro No.10, Kocoran, Caturtunggal, Kec. Depok, Kabupaten Sleman, Daerah Istimewa Yogyakarta 55281",Yogyakarta,4.2,"{'lat': -7.76683160020219, 'lng': 110.384978967216}",-7.7668316,110.384979,20000,39
40,Bakmi Kadin,"Nama “Kadin” dipilih warung  penjaja bakmi yang terletak di seberang kantor Kamar Dagang dan Industri (Kadin) Daerah Istimewa Yogyakarta entah secara sengaja maupun kebetulan. Kadin juga merupakan singkatan dari Karto Kasidin nama pemilik sekaligus pendiri warung terkenal tersebut. Bakmi Kadin sudah melayani penggemarnya sejak tahun 1947, tidak heran warung bakmi yang satu ini masuk kategori Legendanya Yogyakarta.",Makanan,"Senopati, Jl. Bintaran Kidul No.6, Wirogunan, Kec. Mergangsan, Kota Yogyakarta, Daerah Istimewa Yogyakarta 55151",Yogyakarta,4.1,"{'lat': -7.80197953905578, 'lng': 110.372593932474}",-7.801979539,110.3725939,25000,40
,,,,,,,,,,,
,,,,,,,,,,,
,,,,,,,,,,,
,,,,,,,,,,,
