,Id,Name,Stars,Ratings,Price,Addres,Coordinate,Description,Lat,Long,Images
0,1,The Alea Hotel Seminyak,3,4.2,"4,403,576.00","Jl. Cendrawasih No.78, Seminyak, Kec. Kuta Utara, Kabupaten Badung, Bali 80361","-8.67463167686094, 115.15341976860144","Set on a narrow, winding street, this upmarket hotel with an industrial-chic facade is 3 km from Seminyak Beach and 5 km from 3D experiences at Dream Museum Zone Bali (DMZ). Streamlined rooms with neutral hues feature free Wi-Fi, flat-screen TVs and minibars, as well as tea and coffeemakers. Upgraded quarters overlook or offer direct access to a pool. There's a sleek cocktail bar with marble floors, as well as outdoor pools and a spa. Breakfast is extra.",-8.674631677,115.1534198,https://pix10.agoda.net/hotelImages/569/569051/569051_15021910020025447086.jpg?ca=3&ce=1&s=1024x768
1,2,Atanaya Kuta Bali,4,4.4,"275,705.00","Jl. Sunset Road No.88A, Kuta, Kec. Kuta, Kabupaten Badung, Bali 80361","-8.70357015159306, 115.18059606116576","This modern, casual hotel is an 8-minute walk from the unique exhibits at 3D Dream Museum Zone Bali, as well as 3 km from both the shops and restaurants of Seminyak and the beach. The warm-toned rooms and suites feature carved wood artwork, and offer free Wi-Fi, flat-screen TVs, minibars, and tea and coffeemaking facilities. Upgraded suites add living areas and mountain views. Amenities include a relaxed Chinese/Indonesian restaurant, an open-air cafe, and a laid-back bar next to the rooftop infinity pool and sun loungers. There's free parking.",-8.703570152,115.1805961,https://cf.bstatic.com/xdata/images/hotel/max1024x768/267601572.jpg?k=9123f91c539819271cef4a0ebe94f2826425af7d9d8fc107382153faffcddf8e&o=&hp=1
2,3,Grand Livio Kuta Hotel,3,4.4,"176,762.00","Jl. Dewi Sri No.17, Kuta, Kec. Kuta, Kabupaten Badung, Bali 80361","-8.707926067445976, 115.1789058788881","A 6 km drive from Bali Ngurah Rai International Airport, this trendy hotel is 1 km from buzzy Jalan Legian and 2 km from Legian Beach. Funky, colorful rooms offer minibars, flat-screen TVs and free Wi-Fi, as well as desks, safes, and tea and coffeemaking facilities. Upgraded rooms add living areas. Room service is available 24/7. Complimentary amenities include parking, and an international breakfast buffet. There's also a striking restaurant, and a bar with a streetfront terrace, plus an outdoor pool, and clubs for children age 12 and under.",-8.707926067,115.1789059,https://pix10.agoda.net/hotelImages/161/1612647/1612647_16101216460047680684.jpg?ca=6&ce=1&s=1024x768
3,4,Mega Boutique Hotel & Spa,4,4.3,"305,266.00","SImpang Siur, Jl. Bypass Ngurah Rai No.259, Kuta, Denpasar Selatan, Kabupaten Badung, Bali 80361","-8.721310373139259, 115.18644739196829","Among shops and eateries on a bustling commercial street, this modern hotel is 4 km from lively Kuta Beach and 6 km from Ngurah Rai International Airport. Warmly furnished rooms feature Wi-Fi, flat-screen TVs and minifridges, as well as en suite bathrooms with free-standing tubs and additional flat-screens; some add furnished balconies. Room service is available 24/7. Breakfast is offered. There's also a relaxed restaurant, a gym and a spa, plus a rooftop terrace with an outdoor pool and a bar. Parking is available.",-8.721310373,115.1864474,https://s-light.tiket.photos/t/01E25EBZS3W0FY9GTG6C42E1SE/t_htl-dskt/tix-hotel/images-web/2020/10/28/a9687edd-e394-43d9-a43d-ffd2e10bd5f1-1603889379011-d989a7fb278f05c3631e17177d2bf383.jpg
4,5,The ONE Legian,4,4.3,"283,500.00","Jl. Raya Legian No.117, Kuta, Kec. Kuta, Kabupaten Badung, Bali 80361","-8.714040123752303, 115.17360076101478","In a tree-lined area near shops and restaurants, this modern hotel is a 10-minute walk from Kuta Beach and 5 km from Ngurah Rai International Airport. Bright rooms feature flat-screens, free Wi-Fi and minifridges, plus tea and coffeemakers. Suites and family rooms add separate living areas. Some quarters have balconies and/or direct access to an outdoor pool. Room service is available. A free shuttle to Kuta Beach is available. A sleek rooftop terrace offers a pool, a bar and an eatery. There's also a casual restaurant with a street facing deck. Other amenities include a gym and a spa, as well as an additional outdoor pool on ground level.",-8.714040124,115.1736008,https://dynamic-media-cdn.tripadvisor.com/media/photo-o/08/80/a7/20/sky-pool--v8045648.jpg?w=900&h=-1&s=1
5,6,Quest San Hotel Denpasar by ASTON,3,4.4,"243,832.00","Jl. Mahendradatta No.93, Padangsambian, Kec. Denpasar Bar., Kota Denpasar, Bali 80117","-8.677243218009908, 115.19045399667871","Set in a polished roadside building surrounded by palm trees, this modern hotel is 6 km from the Petitenget Temple, 7 km from Seminyak Beach, and 17 km from the silver and gold shops of Celuk Village. Warmly decorated rooms feature balconies, Wi-Fi and flat-screen TVs, as well as minibars, and tea and coffeemakers. Suites add DVD players and iPod docks, plus living areas and kitchenettes. Room service is available 24/7. Breakfast and parking are complimentary. There's also an airy restaurant, along with a gym and an outdoor pool.",-8.677243218,115.190454,https://cf.bstatic.com/xdata/images/hotel/max1280x900/45171835.jpg?k=104b3c7b1b7249bb3c409f7806406e786065fcec4f7e12ccb898b34fb4c34b2d&o=&hp=1
6,7,Hadi Poetra Hotel,3,4.2,"187,789.00","Jl. Raya Kuta No.323-378, Kuta, Kec. Kuta, Kabupaten Badung, Bali 80361","-8.72822868187097, 115.17682182773531","In a brick building off a bustling road, this laid-back hotel is within walking distance of restaurants. It's also a 15-minute stroll from Segara Beach along Bali Sea, 1 km from the pools and slides at Waterbom Bali, and 4 km from Ngurah Rai International Airport. Relaxed rooms with partial wood-paneled walls feature flat-screens, free Wi-Fi and balconies. Upgraded rooms add terraces with direct pool access. Breakfast is served in a casual dining room. Other amenities include a bar, a rooftop terrace, and warm lounges that have rustic carved wood furnishings and antiques. There's also an outdoor pool. Airport shuttles are available.",-8.728228682,115.1768218,"https://ik.imagekit.io/tvlk/apr-asset/dgXfoyh24ryQLRcGq00cIdKHRmotrWLNlvG-TxlcLxGkiDwaUSggleJNPRgIHCX6/hotel/asset/10004980-d656731a45f7d5556546d555485b11ab.jpeg?tr=q-40,c-at_max,w-1280,h-720&_src=imagekit"
7,8,POP! Hotel Teuku Umar,2,4,"187,501.00","Jl. Teuku Umar No.74, Dauh Puri Kauh, Kec. Denpasar Bar., Kota Denpasar, Bali 80113","-8.679809043801406, 115.20384807278518","Set in the town center, this colorful, contemporary hotel is 4 km from the Bali Museum, 6 km from Seminyak Beach and 12 km from Ngurah Rai International Airport. Offering free Wi-Fi, the bright, modern rooms also come with flat-screen TVs and air-conditioning. The hotel provides free parking, as well as a breakfast buffet, which is served in a vibrant dining room.",-8.679809044,115.2038481,https://pix10.agoda.net/hotelImages/230/230470/230470_15080710530033839490.jpg?ca=5&ce=1&s=1024x768
8,9,Hotel Neo Denpasar by ASTON,3,4.4,"235,203.00","Jl. Gatot Subroto Barat, Padangsambian Kaja, Kec. Denpasar Bar., Kota Denpasar, Bali 80117","-8.636521610430902, 115.19295921142802","Set in a modern building, this stylish, contemporary hotel is 5 km from the Bali Museum, 9 km from the buzzing Seminyak area and 11 km from Legian Beach. The polished, minimalist rooms have flat-screen TVs, minibars and free Wi-Fi, as well as safes, and tea and coffeemakers. Upgraded rooms add complimentary breakfast and may have garden views, while suites include balconies and living rooms with sofas. There's a trendy, casual restaurant with a bar. Other amenities include an outdoor pool and a fitness center. Beauty treatments are available.",-8.63652161,115.1929592,https://denpasartourism.com/images/hotel-villa/5cb408c14f984.jpg
9,10,BEST WESTERN Kuta Villa,4,4.2,"291,456.00","Jl. Nyangnyang Sari, Kuta, Kec. Kuta, Kabupaten Badung, Bali 80361","-8.733302826584517, 115.17654141595072","Set 3 km from Ngurah Rai International Airport, this polished hotel is also 6 km from Seminyak beach. The modern rooms offer free WiFi, flat-screen TVs, minifridges and 24-hour room service. Many have garden views; some feature terraces with outdoor showers. Suites add private plunge pools. Breakfast and parking are complimentary. There's an international restaurant, 2 bars and a cafe, as well as an outdoor pool, a 24-hour business center and BBQ grills.",-8.733302827,115.1765414,https://www.oyster.com/wp-content/uploads/sites/35/2019/05/pool-v8994583-1440-1024x683.jpg
10,11,ASTON Denpasar Hotel & Convention Center,4,4.3,"263,403.00","Jl. Gatot Subroto Barat No.283, Pemecutan Kaja, Kec. Denpasar Utara, Kota Denpasar, Bali 80111","-8.639328959951705, 115.20612697755939","Featuring a stately entrance with a circular driveway, this upscale business hotel is 3.4 km from the Bali Museum and 12 km from vibrant Legian Beach. Low-key rooms with modern furnishings feature free Wi-Fi and flat-screen TVs, plus minifridges, safes, and tea and coffeemaking facilities. Suites add living rooms and soaking tubs. Room service is available. Freebies include breakfast and welcome drinks. There's a casual restaurant offering halal cuisine. Additional perks include a gym and a spa, plus 3 pools, 2 kids' pools, and a polished lobby with stone-carved murals. There's also a business center, a grand ballroom and a conference center.",-8.63932896,115.206127,"https://www.denpasarkota.go.id/uploads/datang/datang_193108090838_SetiapJumatSore,AstonDenpasarHotelConventionCenterHadirkanNongkrongBareng.jpg"
11,12,Instyle Kuta Hotel Bali​​,4,4.4,Nan,"Jl. Dewi Sri I No.16, Legian, Kec. Kuta, Kabupaten Badung, Bali 80361","-8.70192621229162, 115.17840364066421","In an area with multiple eateries, this relaxed hotel with a modern vibe is 2 km from the lively Legian Beach and 8 km from Ngurah Rai International Airport. Bright, streamlined rooms have Wi-Fi, flat-screen TVs and balconies, plus tea and coffeemakers. Suites add sitting areas. Some quarters offer direct pool access. There's room service. Amenities include a sleek bistro, a coffee shop and an outdoor pool, as well as a rooftop terrace with bar service. Breakfast, parking and an airport shuttle are available.",-8.701926212,115.1784036,https://cf.bstatic.com/xdata/images/hotel/max1280x900/175012715.jpg?k=93e51e0c435db4a00d3e3cfa1e6e5ecdfd570c64becf3dd212229b915e85c609&o=&hp=1
12,13,Kyriad Royal Seminyak Bali,3,4.5,Nan,"Jl. Sunset Road Jl. Nakula Gg. Baik-Baik No.1, Seminyak, Kec. Kuta, Kabupaten Badung, Bali 80361","-8.692522362149882, 115.17333374434601",Nan,-8.692522362,115.1733337,https://origin.pegipegi.com/jalan/images/pict1L/Y4/Y938224/Y938224001.jpg
13,14,Duo Legian Hotel,2,4.3,"329,254.00","Jl. Batu Pageh Gg. Melani, Legian, Kec. Kuta, Kabupaten Badung, Bali 80361","-8.709335050716854, 115.17308241519616","Set near shops and eateries, this casual hotel is a 3-minute walk from bustling Legian Street and 18 minutes on foot from Legian Beach. It's 8 km from Ngurah Rai International Airport. Simple rooms provide free Wi-Fi, satellite TV and air-conditioning. Amenities include complimentary parking, an informal restaurant and a terrace. There's 24-hour security. An airport shuttle is available by request for a surcharge.",-8.709335051,115.1730824,https://ak-d.tripcdn.com/images/200d0h0000008sz097D5F_R_550_412_R5_Q70_D.jpg
14,15,Urban Style Biz Premier (Formerly Berry Biz Hotel),4,4.1,"208,651.00","Jl. Sunset Road No.99, Seminyak, Kec. Kuta, Kabupaten Badung, Bali 80361","-8.697923957487985, 115.17770106794954","A 4-minute walk from the interactive galleries at the 3D Dream Museum Zone Bali (DMZ), this laid-back hotel sits 5 km from both Kuta Beach and Waterbom Bali water park. Colorful rooms offer Wi-Fi, as well as flat-screen TVs, minibars, and tea and coffeemakers. They also include desks with dry erase boards. Some rooms are female only. Suites add separate living areas. Room service is available. Amenities include a lobby lounge, a trendy 24-hour coffee shop and a business center. Meeting rooms and breakfast are available.",-8.697923957,115.1777011,https://pix10.agoda.net/hotelImages/22216885/-1/13f7763d3ebe2b76c836c58f82488c45.jpg?ca=17&ce=1&s=1024x768
15,16,Collection O 14 Sun Boutique Hotel,4,3.2,"169,164.00","Jl. Sunset Road No.23, Kuta, Kec. Kuta, Kabupaten Badung, Bali 80361","-8.707547110350186, 115.18385294907577",Nan,-8.70754711,115.1838529,https://ak-d.tripcdn.com/images/200n0o000000f540xE612_Z_550_412_R5_Q70_D.jpg
16,17,The Kanjeng Suite & Villas - Seminyak,4,3.6,"747,000.00","Jl. Dewi Saraswati III No.39, Seminyak, Kec. Kuta, Kabupaten Badung, Bali 80361","-8.685775351447798, 115.17540371779114",Nan,-8.685775351,115.1754037,https://cf.bstatic.com/xdata/images/hotel/max1280x900/318905368.jpg?k=9e9ac5447f6747a704abdb781e7f0fbfcaf037abbabc9549af7500ab2054abc9&o=&hp=1
17,18,Fame Hotel Sunset Road Kuta Bali,3,4.4,"197,150.00","Jl. Sunset Road No.9, Legian, Kec. Kuta, Kabupaten Badung, Bali 80361","-8.700705754284224, 115.17849903395621","Set on a main road, this vibrant modern hotel is 3 km from Seminyak Beach and 7 km from Ngurah Rai International Airport. Featuring colorful artwork of celebrities, the down-to-earth rooms have free Wi-Fi and flat-screen TVs. Some add private balconies. Breakfast is complimentary. Amenities include a relaxed restaurant, and an interior courtyard with an outdoor pool. There's also a kids' play area.",-8.700705754,115.178499,https://dynamic-media-cdn.tripadvisor.com/media/photo-o/0d/ef/31/fa/fame-hotel-sunset-road.jpg?w=900&h=-1&s=1
18,19,Ramada Encore by Wyndham Bali Seminyak,4,4.3,"321,555.00","Jl. Dewi Saraswati III, Seminyak, Kec. Kuta, Kota Denpasar, Bali 80361","-8.685535269703935, 115.17614202158985","This polished hotel is 2 km from 3D art at DMZ Bali, 3 km from Seminyak Beach and 10 km from Ngurah Rai International Airport. Relaxed, warmly decorated rooms provide minibars, free Wi-Fi and flat-screen TVs, as well as tea and coffeemakers. Suites add living areas. Kids age 17 and under stay at no cost. Room service is available 24/7. A breakfast buffet, parking and an airport shuttle are complimentary. There's an airy, informal restaurant, a cafe and a bar. Other amenities include an outdoor pool and a BBQ area, plus a fitness room, a spa and a business center.",-8.68553527,115.176142,https://cf.bstatic.com/xdata/images/hotel/max1024x768/110786796.jpg?k=e94f123de67392b7a537530f07d14393d7acb037630a4b222afe03e3a7468b9c&o=&hp=1
19,20,Jambuluwuk Oceano Seminyak Hotel,5,4.3,"642,249.00","Jl. Petitenget No.108, Kerobokan Kelod, Kec. Kuta Utara, Kabupaten Badung, Bali 80361","-8.67654191715343, 115.15566028972788","Along a bustling street with bars, restaurants and shops, this upscale hotel is 2 km from Seminyak Beach. Serene rooms and suites with modern Balinese decor offer free Wi-Fi and flat-screens; some have balconies. Suites add separate living areas, and some have free-standing soaking tubs. Room service is available. Amenities include 2 outdoor pools, poolside bars and a kids’ pool with a waterslide. The rooftop features an airy restaurant and billiards, and there’s a relaxed bar and restaurant adjacent to the hotel. Other amenities include a spa, a gym, a hair salon and a kids’ play area. A business center and meeting rooms are available.",-8.676541917,115.1556603,https://pix10.agoda.net/hotelImages/1517495/-1/d63b54318380ff8a2cd2d5ace380b064.jpg?ca=0&ce=1&s=1024x768
20,21,Le Grande Bali,5,4.2,"596,776.00","Blok 5, Pecatu Indah Resort Jalan Raya Uluwatu, Pecatu, Kec. Kuta Sel., Kabupaten Badung, Bali 80361","-8.80673925578913, 115.13053573164076","Part of the Pecatu Indah Resort, this upscale hotel is an 8-minute walk from the New Kuta Golf Club, 2 km from Dreamland Beach and 11 km from the cliff-top Uluwatu Temple. Airy rooms feature free Wi-Fi, flat-screen TVs and minifridges, as well as tea and coffeemakers. All have balconies with sofas. Suites add separate living rooms; 2-bedroom suites include 2 bathrooms. Room service is offered 24/7. Breakfast, parking and a local shuttle are free. Other amenities include a relaxed restaurant with a terrace, and 3 outdoor pools. There's also a poolside cocktail bar and a plush open-air spa. Activities such as tennis, golf and cycling are offered.",-8.806739256,115.1305357,https://dynamic-media-cdn.tripadvisor.com/media/photo-o/10/7e/69/86/le-grande-bali.jpg?w=900&h=-1&s=1
21,22,"AYANA Resort and Spa, BALI",5,4.7,"4,048,848.00","647Q+GP, Jimbaran, South Kuta, Badung Regency, Bali","-8.786213290443014, 115.13926384240553","Perched on a clifftop on the Bukit peninsula, this luxe resort is 6 km from Garuda Wisnu Kencana park and 15 km from Pura Luhur Uluwatu temple. Offering garden or ocean views, the elegant rooms come with carved wooden partitions, free Wi-Fi and flat-screen TVs, plus minibars, balconies, and tea and coffeemaking facilities. Upgraded rooms feature access to a lounge with complimentary food and drinks. Suites add sitting rooms, 4-poster beds and 2-person free-standing tubs. Villas offer plunge pools. Amenities include 9 restaurants, 4 bars and 3 cafes, plus 4 outdoor pools, beach access and tennis courts. There's also a spa and a kids' club.",-8.78621329,115.1392638,https://dynamic-media-cdn.tripadvisor.com/media/photo-o/0c/ab/0c/15/ayana-upper-pool.jpg?w=1000&h=600&s=1
22,23,Wyndham Dreamland Resort Bali,5,4.4,Nan,"Kawasan, Jl. Pecatu Indah Raya Jl. Pantai Dreamland, Pecatu, Kec. Kuta Sel., Kabupaten Badung, Bali 80364","-8.802186621943733, 115.12036135686262","Surrounded by trees and overlooking the Indian Ocean, this chic hotel is 9 minutes by foot from Dreamland Beach. It's 18 km from Ngurah Rai International Airport. Polished rooms offer free Wi-Fi, flat-screens and minifridges. All include en suite bathrooms, private balconies and seating areas. Some feature separate bedrooms, ocean views and/or whirlpool tubs. Posh villas add private pools. Room service is available 24/7. Breakfast is available in a restaurant serving international cuisine. There's also a bar, plus an outdoor pool with a cafe. Other amenities include a spa, a gym and a yoga studio, plus a garden, event space and parking.",-8.802186622,115.1203614,https://pix10.agoda.net/hotelImages/3545234/-1/46ab3e128e20e040dc7c3c743b9b1f1d.jpg?ca=10&ce=1&s=1024x768
23,24,Sheraton Bali Kuta Resort,5,4.6,"2,320,858.00","Jl. Pantai Kuta, Kuta, Kec. Kuta, Kabupaten Badung, Bali 80361","-8.718277596959451, 115.16957373836593","Next to Beachwalk shopping mall, this high-end hotel is a minute's walk from Kuta Beach on the Bali Sea and 2 km from lively Jalan Legian. Posh rooms feature free Wi-Fi, iPod docks and flat-screens, plus minibar, coffeemakers, and terraces or balconies. Upgraded rooms add courtyard or sea views, while suites include living/dining areas; an upgraded suite has a rooftop pool. There's 24/7 room service. Kids age 11 and under stay at no charge with an adult. Parking is complimentary. Amenities consist of 2 restaurants, including an upscale Italian option, and a bar, plus a spa, a gym, and an infinity pool with sea views. There's also a kids' club.",-8.718277597,115.1695737,https://dynamic-media-cdn.tripadvisor.com/media/photo-o/15/9c/2e/8c/sheraton-bali-kuta-resort.jpg?w=900&h=-1&s=1
24,25,Merusaka Nusa Dua (formerly INAYA Putri Bali),5,4.6,"1,361,340.00","Kawasan Wisata Nusa Dua Lot S-3, Benoa, Kec. Kuta Sel., Kabupaten Badung, Bali 80363","-8.806877156271623, 115.22941539413046","This polished beachfront resort is 1.5 km from the Bali National Golf Club and 12 km from Garuda Wisnu Kencana Cultural Park, known for its Hindu sculptures. Refined rooms with dark wood furnishings have free Wi-Fi and flat-screen TVs, as well as balconies, seating areas, minibars and rainfall showerheads. Suites – some with ocean views – offer living areas, plus in-room dining and butler services. Villas add sundecks, plunge pools and private beach cabanas. Breakfast and parking are available. The resort has 3 restaurants (1 open-air), a cocktail lounge and a beach bar, in addition to multiple lagoon-style pools.",-8.806877156,115.2294154,https://cf.bstatic.com/xdata/images/hotel/max500/217056726.jpg?k=b24dfa0342e41a2ac408f0c3a3abf24fdb8a6987b8eee179aa5170c6d20127b6&o=&hp=1
25,26,OYO 499 Princess Keisha Hotel & Convention Center,2,3.9,Nan,"Jl. Teuku Umar Barat No.350, Padangsambian, Kec. Denpasar Bar., Kota Denpasar, Bali 80119","-8.679578854190138, 115.18801874752351","Set 12 km from Ngurah Rai International Airport, this relaxed hotel is 6 km from both the popular Double Six Beach, and vibrant shopping and nightlife on Jalan Legian. Unpretentious room with warm furnishings offer free Wi-Fi, flat-screen TVs and minibars, plus minifridges and coffeemakers; some add sofabeds. Refined suites with modern decor sleep up to 3 guests and feature chic lounge areas. Breakfast is complimentary. There's a garden, and an outdoor pool with a kids' section. Other amenities include meeting rooms and event space.",-8.679578854,115.1880187,"https://ik.imagekit.io/tvlk/apr-asset/dgXfoyh24ryQLRcGq00cIdKHRmotrWLNlvG-TxlcLxGkiDwaUSggleJNPRgIHCX6/hotel/asset/10000706-f9e0f3d85ff99c5b31a2262f4d63e479.jpeg?_src=imagekit&tr=c-at_max,h-488,q-40,w-768"
26,27,Rofa Kuta Hotel,3,4.1,"177,413.00","Jl. Nakula No.9, Legian, Kec. Kuta, Kabupaten Badung, Bali 80361","-8.699314570260176, 115.17956550674633","Within walking distance of eateries, this informal hotel in an ornate, modern building is 4 minutes' walk from the DMZ Trick Art Museum, 2 km from Double Six Beach and 7 km from I Gusti Ngurah Rai International Airport. Simply furnished rooms with bright wall art provide complimentary Wi-Fi, flat-screen TVs, minibars and safes, plus tea and coffeemaking facilities. Upgraded rooms and suites add furnished balconies; some have sofas and/or quirky vintage-inspired seating. There's a warm restaurant, an outdoor pool and a spa.",-8.69931457,115.1795655,https://new-hls.s3.amazonaws.com/hls/data/3848/website/general/bn/mobile_pool-resize.jpg
27,28,Golden Tulip Jineng Resort Bali,4,4.4,"283,936.00","Jl. Sunset Road No.98, Kuta, Kec. Kuta, Kabupaten Badung, Bali 80361","-8.718416082969146, 115.1836207067463","In the village center, this upscale hotel is 3 km from Kuta Beach and 13 km from the Garuda Wisnu Kencana Cultural Park. Warmly decorated rooms feature free Wi-Fi and flat-screens, plus minibars, safes, and tea and coffeemakers. Some offer balconies overlooking a lagoon pool. Suites provide living rooms; some include kitchenettes, whirlpool tubs and/or direct pool access. Room service is available 24/7. A breakfast buffet is free. A glass-enclosed eatery serves international cuisine, and there's a casual restaurant/bar next to a lagoon-style pool. Other amenities include a kids' pool and a game room, plus a gym, a spa and a yoga studio.",-8.718416083,115.1836207,https://origin.pegipegi.com/jalan/images/pict1L/Y6/Y940766/Y940766003.jpg
28,29,Daun Bali Seminyak Hotel,4,4.4,"322,993.00","Jl. Petitenget No.8, Kerobokan Kelod, Kec. Kuta Utara, Kabupaten Badung, Bali 80361","-8.67206881544723, 115.1635807355821","This polished hotel on a bustling commercial street is 4 km from both Seminyak Beach and DMZ Bali, a 3D art museum, and 12 km from Bali Ngurah Rai International Airport. Featuring chic, neutral decor, the stylish rooms come with free Wi-Fi and smart TVs, as well as minifridges, safes, and tea and coffeemaking facilities. Upgraded rooms have sitting areas, balconies and/or kitchenettes. Room service is available. Amenities include a striking restaurant/bar with contemporary decor, plus an outdoor pool that has an adjacent bar. There's also a spa, and a rooftop terrace featuring a hot tub and a relaxed bar.",-8.672068815,115.1635807,"https://ik.imagekit.io/tvlk/apr-asset/dgXfoyh24ryQLRcGq00cIdKHRmotrWLNlvG-TxlcLxGkiDwaUSggleJNPRgIHCX6/hotel/asset/10012189-0ed7621ba9695dc83e9acf812b4eeb8f.jpeg?_src=imagekit&tr=c-at_max,h-488,q-40,w-768"
29,30,Aryaduta Bali,5,4.6,"631,795.00","Jl. Kartika Plaza, Lingkungan Segara, Kec. Kuta, Kabupaten Badung, Bali 80361","-8.735791178046982, 115.16696344118643","Set next to Lippo Mall Kuta, this polished hotel is a 9-minute walk from Jerman Beach on the Bali Sea and 3 km from Ngurah Rai International Airport. The airy, refined rooms provide Wi-Fi access, flat-screen TVs and safes, plus sitting areas with sofas. Some upgraded rooms are interconnected and/or add balconies. Room service is available. Children age 15 and under stay at no extra cost with an adult. Breakfast is complimentary. There's a hip restaurant and sports bar featuring pinball machines and a pool table. Other amenities include a rooftop pool, a gym and a movie theater. Parking and event space are offered.",-8.735791178,115.1669634,https://pwmu.co/wp-content/uploads/2019/11/hotel-bali_EDIT_1.jpg
30,31,OYO 1670 Likko Inn,2,4,"110,306.00","Jl. Suli No.11, Dangin Puri Kangin, Kec. Denpasar Utara, Kota Denpasar, Bali 80234","-8.64802340342829, 115.22289370674633","A 17-minute walk from the Bali Museum, this down-to-earth budget hotel is 5 km from the Bajra Sandhi Monument and 16 km from Ngurah Rai International Airport. Featuring tile floors, the no-nonsense rooms offer flat-screen TVs, air conditioning and en suite bathrooms, as well as Wi-Fi. There's an outdoor pool and a convenience shop. Parking is available.",-8.648023403,115.2228937,"https://ik.imagekit.io/tvlk/apr-asset/dgXfoyh24ryQLRcGq00cIdKHRmotrWLNlvG-TxlcLxGkiDwaUSggleJNPRgIHCX6/hotel/asset/20003101-5698f72971e7461b4ea4a8595a2e51f0.jpeg?tr=q-40,c-at_max,w-1280,h-720&_src=imagekit"
31,32,Coco De Heaven,2,3.8,"123,505.00","Jl. Bypass Ngurah Rai No.17X, Kedonganan, Kec. Kuta Sel., Kabupaten Badung, Bali 80361","-8.75856147952032, 115.17935147791054",Nan,-8.75856148,115.1793515,https://img.hotelmurah.com/hotel/myhm_8366_1.jpg
32,33,Grand Lifestyle Hotel,3,3.5,Nan,"Jl. Teuku Umar No.175-179, Dauh Puri Kauh, Kec. Denpasar Bar., Kota Denpasar, Bali 80114","-8.678528738605127, 115.20553593605858",Nan,-8.678528739,115.2055359,https://cf.bstatic.com/xdata/images/hotel/max1024x768/110348877.jpg?k=d235b72ec9f82d9308e0d93d3bf822f47ac85056a048c8015891c6b00f59a575&o=&hp=1
33,34,Hard Rock Hotel Bali,5,4.6,"1,689,076.00","Jl. Pantai Kuta, Banjar Pande Mas, Kec. Kuta, Kabupaten Badung, Bali 80361","-8.721666974025217, 115.17075860607434","Across the street from the beach, this music-themed resort hotel with indigenous architecture is 2 km from the shops at Jalan Legian and 7 km from Waterbom Bali. Bold contemporary rooms feature balconies, flat-screen TVs, daybeds, minibars and free Wi-Fi. Upgraded quarters add Nespresso machines and direct pool access. Suites include living rooms and access to a private bar/lounge; some have home theaters and/or kitchenettes. Some quarters have sea views. Free parking and breakfast are available. There's also a pool, a spa, rock climbing and 7 restaurants/bars, plus a fitness center, a recording studio and a kids' club.",-8.721666974,115.1707586,https://dynamic-media-cdn.tripadvisor.com/media/photo-o/10/4b/3a/a1/waterslide-at-sand-island.jpg?w=900&h=-1&s=1
34,35,Harper Kuta by ASTON,4,4.3,"348,301.00","Jl. Raya Legian No.73, Kuta, Kec. Kuta, Kabupaten Badung, Bali 80361","-8.718956497574473, 115.17474187791056","This modern hotel on a bustling shopping road is a 2-minute walk from the Bali Bombing Memorial, 11 minutes on foot from Kuta Beach and 2 km from Waterborn Bali water park. Contemporary rooms with floor-to-ceiling windows feature complimentary Wi-Fi, flat-screen TVs, safes, and tea and coffeemaking facilities. Suites add additional beds, sitting areas, DVD players and free-standing tubs. Room service is available 24 hours. Parking is included, as is breakfast served in an open-air restaurant that has a bar. There's also a spa, an outdoor pool and a kids' pool.",-8.718956498,115.1747419,https://media-cdn.tripadvisor.com/media/photo-s/16/81/df/65/exterior.jpg
35,36,Hawaii Bali Villa,2,4.4,Nan,"Jl. Tukad Balian No.899X, Sanur, Denpasar Selatan, Kota Denpasar, Bali 80361","-8.705635555564543, 115.2396031914032",Nan,-8.705635556,115.2396032,https://pix10.agoda.net/hotelImages/686610/-1/e87afe36fc4fda80a2856a9468429e10.jpg?ca=7&ce=1&s=1024x768
36,37,Kutabex Beachfront Hotel,3,4.2,"270,001.00","Jalan Pantai Kuta, Banjar Pande Mas, Kuta, Badung Regency, Bali 80361","-8.72017813579893, 115.1697230261405","On a buzzy promenade lined with restaurants, this modern hotel is across the street from Kuta Beach on the Indian Ocean and 4 km from 3D art at DMZ Bali. Relaxed rooms provide Wi-Fi, flat-screen TVs and safes, along with minibars, and tea and coffeemaking facilities. Upgraded rooms add sitting areas. A vibrant restaurant and sports bar offers billiards tables and nightly live entertainment. There's also a rooftop bar that offers ocean views and adjoins an outdoor infinity pool. Massages and beauty treatments are available. Breakfast is extra.",-8.720178136,115.169723,https://origin.pegipegi.com/jalan/images/pict1L/Y6/Y979536/X979536001.jpg
37,38,Paditeras Boutique Hotel Seminyak,4,4.3,Nan,"Jl. Lb. Sari No.19, Seminyak, Kec. Kuta Utara, Kabupaten Badung, Bali 80361","-8.676428714184437, 115.15888312201461",Nan,-8.676428714,115.1588831,https://images.trvl-media.com/hotels/10000000/9800000/9795900/9795829/dbb9b66f.jpg?impolicy=resizecrop&rw=670&ra=fit
38,39,Fashion Hotel Legian,4,4.2,"209,203.00","Jl. Raya Legian No.121, Kuta, Kec. Kuta, Kabupaten Badung, Bali 80361","-8.713529277004127, 115.17353064671619","This modern hotel with a high-fashion theme is 8 minutes on foot from lively Jalan Legian and 1 km from Kuta Beach. It's 7 km from Ngurah Rai International Airport. The sophisticated rooms provide safes, flat-screen TVs and free Wi-Fi, in addition to tea and coffeemaking equipment. Some have balconies. Breakfast and parking are complimentary. Other amenities consist of an outdoor pool, an Italian restaurant, a nightclub, and rooftop hot tubs.",-8.713529277,115.1735306,https://ak-d.tripcdn.com/images/0224p120009cob3saE2EF_Z_550_412_R5_Q70_D.jpg
39,40,HARRIS Hotel Kuta Galleria,4,4.3,"316,354.00","Jl. Bypass Ngurah Rai No.1, Kuta, Kec. Kuta, Kabupaten Badung, Bali 80361","-8.721868883263062, 115.18629139325365","Set on a main thoroughfare 3 minutes' walk from Bali Galeria mall, this colorful, modern hotel with a hip vibe is across the street from a lake and 3 km from lively Kuta Beach. Unfussy rooms with bright contemporary decor provide free Wi-Fi, daybeds and flat-screens along with tea and coffeemakers, minibars and aromatherapy kits. Some offer lake views. Suites add separate living rooms with pull-out sofas. Room service is available 24/7 Amenities include a simple cafe with a terrace and tropical plants, as well as a gym, an outdoor pool and a lobby lounge. There's also a meeting room and a kids' club.",-8.721868883,115.1862914,https://pix10.agoda.net/hotelImages/699559/-1/05b97d465a210535b50e514125c919e5.jpg?ca=0&ce=1&s=1024x768
40,41,"Sthala, a Tribute Portfolio Hotel, Ubud Bali",5,4.7,"1,190,198.00","Jalan A.A Gede Rai, Jl. Raya Mawang Kelod, Lodtunduh, Ubud, Bali 80571","-8.572468688216045, 115.25964208476907","Set on a lush riverside property, this upscale hotel with traditional styling is 6 km from both Tegenungan Waterfall and the Agung Rai Museum of Art, and 7 km from the Ubud Monkey Forest. Featuring balconies, the polished rooms come with free high-speed Wi-Fi and flat-screen TVs, plus minibars and kitchenettes; some offer river views. Room service is available 24/7. Parking and a local shuttle are free. There's also an open-air restaurant, a rooftop bar and a poolside bar. Other amenities include 2 outdoor pools, a gym and yoga. Balinese dancing and cooking classes are offered.",-8.572468688,115.2596421,https://cf.bstatic.com/xdata/images/hotel/max1024x768/176490590.jpg?k=e2dd72ee448e1d51fa52cb817bc5e94619200621a58b549b9761b2f0efdcfadc&o=&hp=1
41,42,Mulia Resort,5,4.7,"3,668,680.00","Kawasan Sawangan, Jl. Raya Nusa Dua Selatan Jl. Nusa Dua, Benoa, Kec. Kuta Sel., Kabupaten Badung, Bali 80363","-8.815972290633553, 115.22320225092524","This premium tropical resort, set on the white-sand Nusa Dua Beach along the Bali Sea, is 4 km from Museum Pasifika's art galleries and 9 km from the Bukit Peninsula, a popular surfing spot. Plush rooms with marble floors provide free Wi-Fi, flat-screen TVs and luxe bedding, as well patios or balconies with sea or garden views. Suites add living areas; some have vaulted ceilings. Room service is available. Amenities consist of a hot tub, a gym and a spa, along with 4 outdoor pools, 3 bars and 6 restaurants, including Japanese and Chinese options. Activities such as kayaking, yoga and tennis can be arranged.",-8.815972291,115.2232023,https://dynamic-media-cdn.tripadvisor.com/media/photo-o/19/a5/f2/d6/mulia-resort.jpg?w=900&h=-1&s=1
42,43,J Hotel Kuta,3,4.2,"170,668.00","Jalan Raya Kuta No.88D, Kuta, Kec. Kuta, Kabupaten Badung, Bali 80361","-8.72919085668914, 115.17697470674632",,-8.729190857,115.1769747,https://dynamic-media-cdn.tripadvisor.com/media/photo-o/10/6a/8a/2f/j-hotel-tampak-depan.jpg?w=900&h=-1&s=1
43,44,Ivanka Airport Inn,2,3.6,"172,262.00","Jl. Puri Gerenceng No.2, Tuban, Kec. Kuta, Kabupaten Badung, Bali 80361","-8.740948597886979, 115.17254886441789",Nan,-8.740948598,115.1725489,https://s-light.tiket.photos/t/01E25EBZS3W0FY9GTG6C42E1SE/t_htl-dskt/tix-hotel/images-web/2020/10/29/f9b394ae-1ca3-4704-a005-0564086ca139-1603904770412-ed22f83ca2a0b28f8e71b044859f894a.jpg
44,45,Singaraja Hotel,2,4.1,"197,750.00","Kp. Baru, Kec. Buleleng, Kabupaten Buleleng, Bali 81113","-8.102818880869965, 115.09071697121786","This casual modern hotel on the Bali Sea is 10 km from both lively Lovina Beach and the Aling-Aling waterfall. The streamlined, colorful rooms feature flat-screen TVs and free Wi-Fi, as well as in-room safe deposit boxes. Free breakfast is served in a low-key dining area. The hotel also offers a beachfront pool, as well as a patio with lounge chairs. There's also a meeting room.",-8.102818881,115.090717,https://www.balipost.com/wp-content/uploads/2019/10/balipostcom_singaraja-hotel-akomodasi-wisata-berkelas-di-kota-singaraja_01-696x464.jpg
45,46,Grand Ixora Kuta Resort,4,4.2,"212,820.00","Jl. Kartika Plaza No.92, Kuta, Kec. Kuta, Kabupaten Badung, Bali 80361","-8.73388498268596, 115.16752952937662","Set in an angular, modern building, this upscale hotel is 3 km from Ngurah Rai International Airport and 6 km from the upmarket Seminyak district. The vibrant rooms with balconies feature sleek furnishings and provide flat-screen TVs, free Wi-Fi and minifridges, plus tea and coffeemaking facilities. Upgraded rooms add DVD players and seating areas. Parking is free. Other amenities include an airy restaurant, an outdoor pool and bar, and a spa. Babysitting services are available and there's a lounge with guest computers. Activities such as weaving or fruit carving are offered for a fee.",-8.733884983,115.1675295,"https://imgcy.trivago.com/c_limit,d_dummy.jpeg,f_auto,h_1300,q_auto,w_2000/itemimages/20/48/2048909_v2.jpeg"
46,47,Bali Nusa Dua Hotel,5,4.6,"692,608.00","Kawasan Pariwisata Nusa Dua Lot NW/1, Benoa, Kec. Kuta Sel., Kabupaten Badung, Bali 80363","-8.793587395914745, 115.2266589067463","An 8-minute walk from Pantai Samuh beach, this polished hotel is 2 km from Bali National Golf Club and 12 km from Ngurah Rai International Airport. The streamlined rooms offer free Wi-Fi and flat-screen TVs, plus minibars, and tea and coffeemaking facilities. Suites add separate living areas. Room service is available. An area shuttle is complimentary. Other amenities include a buffet restaurant, an outdoor pool and a fitness room, as well as a spa and a kids’ play area.",-8.793587396,115.2266589,https://balinusaduahotel.com/wp-content/uploads/2019/10/balinusaduahotel-lagoon.jpg
47,48,Golden Tulip Essential Denpasar,3,4.2,"181,425.00","Jl. Gatot Subroto Barat No.101, Padangsambian Kaja, Kec. Denpasar Bar., Kota Denpasar, Bali 80118","-8.635958981591507, 115.19312212031377","Set in the Central Business District, this informal hotel is 2 km from Terminal Bus Ubung and 4 km from Badung Market. Unpretentious rooms have bathrooms with rainfall showerheads, and come with free Wi-Fi, flat-screen TVs, and tea and coffeemaking facilities. There's a casual restaurant with a terrace, as well as a bar. Other amenities include an outdoor pool and a spa.",-8.635958982,115.1931221,https://www.kayak.co.id/rimg/himg/b0/8a/bb/ice-25869-7895914_3XL-473399.jpg?width=1366&height=768&crop=true
48,49,Negara Hotel,2,3.8,"201,729.00","Jl. Ngurah Rai No.107, Pendem, Kec. Negara, Kabupaten Jembrana, Bali 82218","-8.360591192592048, 114.62912890674632","On a bustling commercial street, this simple budget hotel is a 7-minute walk from Negara Bus Terminal and 10 km from Baluk Rening Beach. Basic rooms with modest decor offer Wi-Fi access and flat-screen TVs. Upgraded quarters add bathrooms with hot water, plus tea and coffeemaking equipment; some include safes, minifridges and whirlpool tubs. Parking is complimentary. There's a low-key restaurant, massage services and bike rentals, plus a meeting room.",-8.360591193,114.6291289,https://www.indoplaces.com/foto/hotel/jimbarwana-hotel.jpg
49,50,"The Westin Resort Nusa Dua, Bali
",5,4.6,"1,996,448.00","Itdc, Kawasan Pariwisata, Jl. Nusa Dua No.3, Bali 80363","-8.795690793342184, 115.2307301355821","This luxe, beachfront hotel is 2.9 km from Bali National Golf Club and 14 km from Waterbomb Bali waterpark. Featuring earthy tones and balconies with ocean, pool or garden views, the lavish rooms and suites offer free Wi-Fi, flat-screen TVs and iPod docks. They also have minifridges, coffeemakers and plush sitting areas; some add furnished terraces. Suites have separate sitting and dining areas, some come with private pools. There's 24-hour room service. Amenities include 5 restaurants, a chic bar and an elegant lobby lounge. There’s also a gym, a spa and a kids’ club. Outside are 3 pools, thatched day beds and tennis courts.",-8.795690793,115.2307301,"https://imgcy.trivago.com/c_limit,d_dummy.jpeg,f_auto,h_1300,q_auto,w_2000/itemimages/93/91/93914_v5.jpeg"