Place_Id,Kuliner_Name,Description,Category,alamat,City,Rating,Coordinate,Lat,Long,Price,Images
1,Kuliner Gudeg Pecel Pasar Beringharjo Bu Yamtini,"Sarapan murah dan enak di jogja yang ada di dalam pasar, kuliner paling rekomeded saat datang pagi-pagi ke pasar beringharjo. Bahkan di sebut pecel senggol karena kebanyakan langsung makan di tempat.Hanya beralaskan daun pisang, sepincuk (satu porsi) nasi pecel dengan aneka sayuran segar bisa didapatkan dengan harga murah. Bisa memilih dengan nasi atau lontong, boleh juga tanpa karbohidrat.Ada aneka lauk tambahan seperti sate telur puyuh, sate usus, satu jamur hingga tempat dan tahu bacem. Sebaiknya datang pagi-pagi karena biasanya sebelum jam 12 siang sudah habis.",Makanan,"Jl. Margo Mulyo Jl. Jend. Ahmad Yani, Ngupasan, Kec. Gondomanan, Kota Yogyakarta, Daerah Istimewa Yogyakarta 55122",Yogyakarta,4.2,"{'lat': -7.79871615565743, 'lng': 110.364959159926}",-7.798.716.156,1.103.649.592,8000,https://i.ytimg.com/vi/s4uaKa0e_7o/mqdefault.jpg
2,Soto Sampah,"Ada cerita tersendiri mengenai nama Soto Sampah. Nama tersebut, kata Sumarno, merupakan pemberian anak-anak kuliah yang kerap bersantap di warung ini.â€œDalam kuahnya itu banyak rempah-rempahnya. Dilihat kaya ada sampah-sampah dalam kuah,â€ kata Sumarno. Resep soto sejak dulu tak berubah, diturunkan ke generasi berikutnya, sehingga cita rasanya tetap terjaga.Untuk yang mencari kuliner di malam hari, Soto Sampah bisa menjadi pilihan. Selain nama yang unik, tempat memiliki jam buka yang juga tak biasa, yakni pukul 4 pagi hingga 3 pagi. â€œHampir 24 jam,â€ kata Sumarno.",Makanan,"Jl. Kranggan No.2, Cokrodiningratan, Kec. Jetis, Kota Yogyakarta, Daerah Istimewa Yogyakarta 55233",Yogyakarta,4.3,"{'lat': -7.78162635992033, 'lng': 110.366923780015}",-778.162.636,1.103.669.238,6000,https://cdn.krjogja.com/wp-content/uploads/2018/10/sotos.jpg
3,Kuliner Lesehan Malioboro,Lesehan yang satu ini sih cocok buat para pemburu kuliner yang selalu lapar tengah malam. Tinggal duduk di emperan depan toko dan pesan sepiring gudeg ceker paling mantap. Kalau masih kurang kamu bisa tambahkan sepiring ceker sayur atau ceker goreng yang sama nagihnya. Nggak perlu takut kalap dan kantong jebol karena seporsi gudeg ceker ekstra ceker es teh manis hanya dibanderol kurang dari Rp 20k. Bahagia banget kan!,Makanan,"Jl. Malioboro No.143, Sosromenduran, Gedong Tengen, Kota Yogyakarta, Daerah Istimewa Yogyakarta 55271",Yogyakarta,4.3,"{'lat': -7.79180460164656, 'lng': 110.365836232641}",-7.791.804.602,1.103.658.362,20000,https://img.qraved.co/v2/image/data/main-photo-1544689779634-x.png
4,Kuliner jogja Pendopo Sop,"Pendopo Sop merupakan salah satu tempat wisata kuliner di Yogyakarta dengan citarasa tradisional dan Harga yang merakyat berada di Alun - Alun Utara, dekat dengan Masjid Agung dan Kraton Jogjakarta. Spesial Menu Lauk Bakar dan Kuah.",Makanan,"Ngupasan, Kec. Gondomanan, Kota Yogyakarta, Daerah Istimewa Yogyakarta 55122",Yogyakarta,4.5,"{'lat': -7.80320108368307, 'lng':110.363208002908}",-7.803.201.084,110.363.208,30000,"https://ik.imagekit.io/tvlk/cul-asset/guys1L+Yyer9kzI3sp-pb0CG1j2bhflZGFUZOoIf1YOBAm37kEUOKR41ieUZm7ZJ/cul-assets-252301483284-b172d73b6c43cddb/culinary/asset/REST_IMG-941x720-FIT_AND_TRIM-70a74f4b27df17bf5003b36a37d33fc2.jpeg?tr=q-40,w-300,h-300&amp;_src=imagekit"
6,Pusat Kuliner Leyeh Leyeh,"Leyeh Leyeh menawarkan hidangan yang beragam, dari mulai hidangan tradisional hingga hidangan mancanegara. Contoh menu makanan tradisional yang disajikan di cafe ini adalah Entok Gobyos, menu ini dibuat dari bahan dasar daging entok atau itik dan memiliki citarasa yang pedas. Untuk makanan mancanegara sendiri juga bervariasi dari mulai jenis olahan pasta, pizza, dan sebagainya. Untuk menu minumannya juga bervariasi mulai dari kopi, milkshake, jus, dan sebagainya. Cita rasa yang ditawarkan juga bisa dibilang lezat dan akan membuat terkesima para penikmatnya. Jadi para wisatawan bisa menentukan sendiri jenis makanan apa yang akan dicicipi, antara tradisional atau mancanegara, atau bisa keduanya.",Makanan,"Jl. P. Mangkubumi No.10, Cokrodiningratan, Kec. Jetis, Kota Yogyakarta, Daerah Istimewa Yogyakarta 55233",Yogyakarta,4.5,"{'lat': -7.78213066768978, 'lng': 110.367302326738}",-7.782.130.668,1.103.673.023,50000,https://t-2.tstatic.net/jogja/foto/bank/images/leyeh-leyeh-sensasi-seru-lesehan-jaring-di-atas-sungai.jpg
7,Kuliner Lor Tugu,"Di Food Court Milenial Kuliner Tugu,kamu juga bisa menikmati berbagai sajian kuliner dengan cita rasa nikmat.Mulai dari mie rebus, mie goreng, nasi goreng, rica ayam, sego bakar, geprek asap, bakso, susu gula aren dan juga kopi dan masih banyak lagi.â€œKita ada 11 tenant kuliner. Semua dijamin kebersihan dan kualitas masakannya,â€ kata Anwar Aryanto selaku Manajer Operasional Food Court Milenial Kuliner Lor Tugu. ",Makanan,"Jl. A.M. Sangaji, Cokrodiningratan, Kec. Jetis, Kota Yogyakarta, Daerah Istimewa Yogyakarta 55233",Yogyakarta,4.6,"{'lat': -7.78205115519559, 'lng': 110.36762476527}",-7.782.051.155,1.103.676.248,35000,https://t-2.tstatic.net/tribunjogjatravel/foto/bank/images/kuliner-tugu-3.jpg
10,Bu Narti Super Spicy Meal,Rumah makan Bu Narti menawarkan berbagai jenis makanan seperti ayam goreng dan oseng-oseng mercon yang membedakan dari tempat makan lain yaitu di rumah makan bu narti memiliki sambal yang sangat pedas,Makanan,"Jl. KH. Ahmad Dahlan No.107, Notoprajan, Ngampilan, Kota Yogyakarta, Daerah Istimewa Yogyakarta 55262",Yogyakarta,3.9,"{'lat': -7.8013056096039, 'lng': 110.357366432741}",-780.130.561,1.103.573.664,8600,https://lh3.googleusercontent.com/p/AF1QipM7Bc2QNXWKYb9dZR9huxDjMgsGXHEVOHHnaL4w=s1600-w400
11,Sego Koyor Bu Parman,"Sego koyor sendiri adalah kuliner berupa urat sapi yang disajikan bersama nasi putih, Selain sego koyor, banyak juga pelanggan yang menyebutnya sego urat. Urat sapi yang digunakan dalam hidangan ini adalah urat yang ada di sekitar persendian tulang sapi bagian tersebut dimasak dengan bumbu menyerupai gulai dengan kuah santan yang tidak terlalu kental.",Makanan,"Jl. Brigjen Katamso No.111, Prawirodirjan, Kec. Gondomanan, Kota Yogyakarta, Daerah Istimewa Yogyakarta 55121",Yogyakarta,4.5,"{'lat': -7.80777001974405, 'lng': 110.369266598691}",-780.777.002,1.103.692.666,17000,https://merahputih.com/media/2016/06/16/7A9wHCkZv61466047227.jpg
12,Mamahke,"Saat ini semakin banyak pilihan untuk oleh-oleh khas Jogja, Mamahke Jogja salah satunya. Kue dengan bahan dasar pisang yang dikemas dengan model yang kekinian. Tidak harus selalu bakpia, meskipun bakpia masih menjadi icon kota Jogja. mamake menyediakan berbagai jenis kue Varian Mamahke Jogja Reguler terdiri dari 7 varian rasa roti, yaitu choco banana, tiramisu, green tea, red velvet, Oecis (oreo cheese), double chocolate, dan cheese. Untuk varian choco banana, merupakan kue bolu berlapis 3 dengan perpaduan rasa antara cokelat dan pisang. Kue ini cocok untuk Anda penggemar kue rasa buah.",Makanan,"Jl. Taman Siswa No.143, Wirogunan, Kec. Mergangsan, Kota Yogyakarta, Daerah Istimewa Yogyakarta 55151",Yogyakarta,4.2,"{'lat': -7.81426296626749, 'lng': 110.376521077396}",-7.814.262.966,1.103.765.211,60000,https://1.bp.blogspot.com/-enzs3gG3P4g/WRMV1ZVi5ZI/AAAAAAAADnQ/yDGuMZsp-K0qNCmgLxcVotpkLlJn1Fe9wCLcB/s640/MAMAHK%25C3%2589%2BJOGJA.jpg
13,Gudeg Permata Bu Narti,"Gudeg merupakan salah satu makanan khas Yogyakarta. Ada banyak gudeg enak di Yogyakarta yang bisa dicoba. Salah satunya yaitu Gudeg Permata. Gudeg Permata menyajikan gudeg basah dengan beragam lauk pilihan. Ada ayam bagian sayap, paha, dan dada serta telur maupun tahu. Warung gudeg ini tak pernah sepi pengunjung. Rata-rata pelanggannya yakni wisatawan. Meski begitu banyak pula warga lokal yang sering ke Gudeg Permata. ",Makanan,"Jl. Gajah Mada No.2, Gunungketur, Pakualaman, Kota Yogyakarta, Daerah Istimewa Yogyakarta 55111",Yogyakarta,4.5,"{'lat': -7.80121992173576, 'lng': 110.373197048811}",-7.801.219.922,110.373.197,25000,https://www.gotravelly.com/assets/img/culinary/gallery/1354/20dc812512ab1fd0247c67d2be34a129.jpg
14,Warung Brongkos Handayani,"Mengawali usaha dengan berjualan Es dari tahun 1960 dengan berkeliling, hingga akhirnya mempunyai tempat tetap di tahun 1975. Setelah mempunyai tempat yang tetap beliau mulai memperbanyak daganganya. Tidak hanya es tapi juga dengan beberapa menu lainya. Dengan bumbu dan resep turun temurunya, Kelezatan Makanan ini selalu membuat para pengunjung untuk datang kembali.",Makanan,"Jl. Gading No.2, Patehan, Kecamatan Kraton, Kota Yogyakarta, Daerah Istimewa Yogyakarta 55133",Yogyakarta,4.5,"{'lat': -7.81264259902073, 'lng': 110.362996986549}",-7.812.642.599,110.362.997,16000,https://cdn.krjogja.com/wp-content/uploads/2018/10/brongkos.jpg
15,Gudeg Mercon Bu Tinah,"warung Gudeg milik Bu Tinah ini sangat populer dan termasuk salah satu pilihan Gudeg terenak di Jogja. Gudeg buatan Bu Tinah ini bisa dibilang tidak biasa dan punya keunikan. Gudeg buatan Bu Tinah terkenal memiliki citarasa yang pedas serta kuah santannya yang kental dan gurih. Sesuai dengan namanya, ada kata â€œMerconâ€ yang berarti memiliki rasa pedas. Rasa pedas Gudeg ini sangat dominan. Rasa pedasnya nendang banget, ini berasal dari oseng-oseng mercon kreceknya. Dimana krecek tersebut ditabur dengan ranjau cabe yang ekstra pedas. Belum lagi dengan tambahan sayur lombok ijo yang membuat makanan ini pedasnya meledak di mulut. Meski terkenal dengan rasa pedasnya, Gudeg ini tetap memiliki rasa manis.",Makanan,"Jl. Asem Gede No.8, Cokrodiningratan, Kec. Jetis, Kota Yogyakarta, Daerah Istimewa Yogyakarta 55233",Yogyakarta,4.2,"{'lat': -7.78147035560977, 'lng': 110.362680480107}",-7.781.470.356,1.103.626.805,15000,https://i0.wp.com/belibakpia.com/wp-content/uploads/2019/09/menu-pedas-gudeg-mercon-bu-tinah.jpg?resize=640%2C400
16,"Pecel ""Senggol"" Beringharjo","Pecel Senggol Beringharjo. Sesuai namanya Pecel Senggol ini berada di depan pintu masuk Pasar Beringharjo, Malioboro, Yogyakarta. Memang tak ada petunjuk papan nama â€œPecel Senggol Beringharjoâ€ di sana, tapi itulah nama yang dikenal berkat daya tariknya. Lantas apa yang istimewa dan menarik dari Pecel Senggol ini?. Dalam hal racikan Pecel Senggol Beringharjo tidaklah berbeda dengan pecel lainnya. Aneka sayuran rebus seperti kacang panjang, kobis, bayam, kecambah dan beberapa jenis sayuran lainnya menjadi isian utama pecel di tempat ini. Tak ketinggalan siraman bumbu kacang yang agak kental dengan tumbukan kacang yang kasar. Bumbu pecelnya ini â€œJogja Bangetâ€ dengan cita rasa manis yang sangat terasa di antara samar jejak rasa pedas. Sebagai pelengkap tahu dan tempe bacem siap dipilih. Ada juga aneka sate seperti sate telur puyuh, sate usus hingga sate ati ampela.",Makanan,"Ps. Beringharjo, Ps. Beringharjo,, Jl. Pabringan No.84, Ngupasan, Gondomanan, Yogyakarta City, Special Region of Yogyakarta 55122",Yogyakarta,4.6,"{'lat': -7.79879173255395, 'lng': 110.36527516065}",-7.798.791.733,1.103.652.752,10000,https://awsimages.detik.net.id/community/media/visual/2021/10/25/pecel-pasar-beringharjo.jpeg?w=700&q=90
18,Nasi Teri Gejayan,"Nasi Teri Gejayan bisa kamu temukan di Jalan Affandi No. 5 Klitren, Gondokusuman, Jogja. Di sini kamu bisa makan sepuasnya dengan pilihan aneka lauk mulai dari teri, tahu, tempe, telur hingga gorengan. Untuk harganya pun cukup terjangkau mulai dari Rp 10-15 ribu per porsi tergantung lauk.",Makanan,"Jl. Affandi No.5, Klitren, Kec. Gondokusuman, Kota Yogyakarta, Daerah Istimewa Yogyakarta 55222",Yogyakarta,4.4,"{'lat': -7.78231847736575, 'lng': 110.387723849674}",-7.782.318.477,1.103.877.238,25000,https://cdn-brilio-net.akamaized.net/news/2019/07/03/166602/1040408-nasi-teri-gejayan.jpg
19,Sate Kere Pasar Beringharjo Mbah Suwarni,"Menjadi salah satu yang legendaris secara turun temurun sejak tahun 1984, Mbah Suwarni berjualan hanya dengan bermodalkan dingklik, sekeranjang penuh sate-satean, panggangan arang kecil, dan sebuah banner tanpa menggunakan payung ataupun tenda. Namun begitu, sate kere Mbah Suwarni selalu menjadi pilihan setia banyak pembeli. Bahkan, tidak sedikit wisatawan luar kota yang memiliki antusias tinggi untuk mencicipi dan berkunjung kembali untuk membeli sate disini. ",Makanan,"Jl. Pabringan No.16, Ngupasan, Kec. Gondomanan, Kota Yogyakarta, Daerah Istimewa Yogyakarta 55122",Yogyakarta,4.4,"{'lat': -7.79910435520786, 'lng': 110.365954853344}",-7.799.104.355,1.103.659.549,10000,https://bacajogja.id/wp-content/uploads/2021/08/sate-kere-neringharjo.jpg
21,Angkringan Pak Jabrik,"Angkringan Pak Jabrik termasuk salah satu angkringan favorit di Yogyakarta (Jogja). Angkringan ini juga sering disebut Angkringan KR karena lokasinya berada di depan Kantor Harian Kedaulatan Rakyat atau sering disingkat KR. Tak sekadar menjadi tempat makan murah meriah, Angkringan Pak Jabrik berkembang pesat menjadi destinasi wisata. Banyak anggota komunitas memanfaatkan angkringan ini sebagai tempat 'kopi darat' atau sekadar saling bersilaturahmi.",Makanan,"Jl. Pangeran Mangkubumi, Gowongan, Kec. Jetis, Kota Yogyakarta, Daerah Istimewa Yogyakarta 55233",Yogyakarta,4.2,"{'lat':-7.78550668873989, 'lng': 110.366899770381}",-7.785.506.689,1.103.668.998,15000,https://awsimages.detik.net.id/community/media/visual/2021/09/18/angkringan-pak-jabrik-favorit-di-jogja-menunya-nasi-mercon-hingga-sate-keong.jpeg?w=1280
22,Bakmi Mbah Gito,"Warung makan Bakmi Mbah Gito ini lebih banyak menggunakan material dari bahan bekas. Tanpa meninggalkan ciri khas dari setiap material yang justru membuat warung ini semakin menarik. Bekas pohon, bekas kandang sapi hingga bekas rumah reyot pun di pasang. Lalu bagaimana hasilnya? tentunya sangat menarik dan unik. Konsep â€œJawa Ndesoâ€ yang disuguhkan mbah gito ini tidak sembarangan. Beliau sangat memperhatikan setiap kayunya. Tidak mudah menyatukan kayu-kayu bekas ini karena harus memperhatikan bentuk dan sifatnya agar tidak membahayakan juga nyaman bagi pengunjung.",Makanan,"Jl. Nyi Ageng Nis No.9, Rejowinangun, Kec. Kotagede, Kota Yogyakarta, Daerah Istimewa Yogyakarta 55171",Yogyakarta,4.3,"{'lat': -7.81335650545829, 'lng': 110.397154007848}",-7.813.356.505,110.397.154,40000,https://jogjakita.co.id/wp-content/uploads/2021/05/Bakmi-Jowo-Mbah-Gito2.jpg
23,GUDEG IBU KOTA,"Gudeg ini baru buka pukul 21.00 WIB, dan tampaknya banyak penggemar warung ini yang menunda makan malam serta menanti hingga warung ini buka. Hal ini terbukti dari banyaknya pengunjung yang menyempatkan diri untuk bersantap di warung ini mulai pukul 21.00 â€“ 05.00 WIB. Warungnya yang terletak di Jl. Urip Sumoharjo (Jl. Solo atau tepatnya sekitar 400 meter barat perempatan Jl. Solo â€“ Jl. Demangan) ini terus-menerus menerima kedatangan pengunjung, tak terkecuali saya. Kebetulan malam tersebut saya pulang sedikit larut dan kelaparan. Untuk mengatasi hal tersebut, saya pun memutuskan untuk mampir ke warung tersebut.",Makanan,"Jl. Urip Sumoharjo No.88, Klitren, Kec. Gondokusuman, Kota Yogyakarta, Daerah Istimewa Yogyakarta 55222",Yogyakarta,4.3,"{'lat': -7.78314388808871, 'lng': 110.383188008123}",-7.783.143.888,110.383.188,20000,https://diskon.com/images/1387358760__20131214_221729.jpg
24,Lesehan gudeg ceker Bu Sastro Malioboro yogyakarta,"Seperti namanya, menu utama di sini tentu saja adalah gudeg ceker. Berbeda dengan gudeg biasa yang cenderung manis, rasa gudeg ceker ini lebih dominan pedasnya.Selain gudeg ceker, ada juga menu gudeg ayam goreng. Kamu juga bisa menambahkan aneka macam lauk dan sayur seperti ampela ati, tahu, tempe, dan sayur opor. Nggak cuma itu, kamu juga harus memesan menu yang menjadi favorit pengunjung di sini, yaitu ceker goreng.",Makanan,"Jl. Malioboro No.56, Suryatmajan, Kec. Danurejan, Kota Yogyakarta, Daerah Istimewa Yogyakarta 55212",Yogyakarta,4.4,"{'lat': -7.79151967219092, 'lng': 110.366674930757}",-7.791.519.672,1.103.666.749,35000,https://media.guideku.com/thumbs/2018/09/13/64329-gudeg-ceker-bu-sastro/745x489-img-64329-gudeg-ceker-bu-sastro.jpg
25,Lupis Mbah Satinem,"Mbah Satinem adalah penjual kuliner yang sudah melegenda. Beliau sendiri lahir menjelang Indonesia merdeka dan sudah mewarisi cara membuat jajanan tradisional dari orang tuanya. Di tahun 1963 Mbah Satinem mulai berjualan lupis. Siapa sangka jika usahanya tersebut saat ini menjadi destinasi kulineran yang terkenal. Saking banyaknya pelanggan, Mbah Satinem sampai memberikan nomor antrean.",Makanan,"Jl. Bumijo No.52-40, Bumijo, Kec. Jetis, Kota Yogyakarta, Daerah Istimewa Yogyakarta 55231",Yogyakarta,4.6,"{'lat': -7.78310998077108, 'lng': 110.363502002141}",-7.783.109.981,110.363.502,10000,https://s3.bukalapak.com/bukalapak-kontenz-production/content_attachments/44208/original/21372021_256341598208487_2690175537766203392_n_2.jpg
26,Gudeg Yu Djum,"Gudeg Yu Djum Pusat merupakan dapur utama sekaligus warung makan kuliner tradisional Yogyakarta, dirintis oleh seorang yang pantang menyerah bernama Djuwariyah atau lebih dikenal sebagai â€œYu Djumâ€,sejak tahun 1951. Djuwariyah lahir dari keluarga yang terlebih dahulu memiliki bisnis kuliner khas Jogja yaitu Gudeg. Sejak remaja, ia mempunyai cita-cita membangun sebuah rumah makan gudeg miliknya sendiri. Djuwariyah bertekad mewujudkan cita-citanya secara perlahan dengan menjual rumput untuk pakan ternak para tetangga yang berada disekitar rumahnya sebagai modal awal untuk membeli peralatan dan segala macam kebutuhan memasak gudeg.",Makanan,"Jl. Wijilan No.167, Panembahan, Kecamatan Kraton, Kota Yogyakarta, Daerah Istimewa Yogyakarta 55131",Yogyakarta,4.3,"{'lat': -7.80492911258682, 'lng': 110.366757428255}",-7.804.929.113,1.103.667.574,25000,https://gudegyudjumpusat.com/wp-content/uploads/2018/07/gudeg-yu-djum-pusat-sheraton-slide.jpg
27,Gudeg Basah Mbok Mandeg,"Gudeg Basah Mbok Mandeg terletak di Jalan Parangtritis km 3, Kelurahan Mantrijeron, Kecamatan Mantrijeron, Yogyakarta. (Tribun Jogja/Hamim Thohari) Secara umum gudeg terbagi dalam dua jenis, yakni gudeg basah dan gudeg kering. Gudeg basah disajikan dengan kuah santan nyemek yang gurih dan biasanya banyak diburu untuk menu sarapan pagi. Sedang untuk gudeg kering dimasak dalam waktu yang lebih lama hingga kuahnya mengering dan warnanya lebih kecoklatan. Salah satu penjual gudeg basah di sudut kota Yogyakarta adalah rumah makan Gudeg Basah Mbok Mandeg yang terletak di jalan Parangtritis km 3, Kelurahan Mantrijeron, Kecamatan Mantrijeron, Kota Yogyakarta, tepatnya selatan simpang empat Jl. Parangtritis â€“ Jogokaryan.Sesuai dengan nama yang terpampang di depan tempat makan tersebut, menu andalannya adalah gudeg basah.",Makanan,"Jl. Parangtritis No.Km. 2,5, Mantrijeron, Kec. Mantrijeron, Kota Yogyakarta, Daerah Istimewa Yogyakarta 55143",Yogyakarta,4.4,"{'lat': -7.82570753283619, 'lng': 110.367441267941}",-7.825.707.533,1.103.674.413,25000,http://cdn-2.tstatic.net/tribunnews/foto/bank/images/gudeg-basah_20150617_172448.jpg
28,"Lesehan Gudeg & Oseng-oseng ""bu Endang""","Oseng-Oseng Bu Endang ini tidak saja berhasil menggugah selera saya dari banyakanya pilihan lauk yang ditawarkan namun juga berhasil memuaskan saya dengan kelezatan dan kestabilan rasanya. Lengkap, lezat, dan memuaskan. Tiga kata yang pas untuk menggambarkan warung ini. Tak heran jika bekas atasan saya sangat menggemari warung ini.",Makanan,"Jl. Laksda Adisucipto No.264, Ambarukmo, Caturtunggal, Kec. Depok, Kabupaten Sleman, Daerah Istimewa Yogyakarta 55281",Yogyakarta,4.1,"{'lat': -7.78308779704268, 'lng': 110.399850310542}",-7.783.087.797,1.103.998.503,20000,https://10619-2.s.cdn12.com/rests/original/101_509560528.jpg
29,Kebelet Belut - Jogjakarta,"Kebelet Belut sengaja hadir di tengah kota untuk mengobati rasa rindu para masyarakat untuk mengkonsumsi olahan belut. Apalagi hewan bernama ilmiah monopterus albus tersebut kaya akan nilai gizi. â€˜Spesialisnya Masakan Belutâ€™, itulah tagline yang diusung Kebelet Belut. Kalimat tersebut sangat tepat, sebab hanya di sini teman Traveler bisa menemukan berbagai macam menu unik olahan belut.",Makanan,"Jl. Ipda Tut Harsono No.42, Muja Muju, Kec. Umbulharjo, Kota Yogyakarta, Daerah Istimewa Yogyakarta 55165",Yogyakarta,4.1,"{'lat': -7.7966752392197, 'lng': 110.392862198726}",-7.796.675.239,1.103.928.622,20000,https://fastly.4sqi.net/img/general/600x600/132724112_tLWgf0y7scEMXhiTmQ73QTx4BTTBb6KsidFTSjQPza0.jpg
30,The House of Raminten,"The House of Raminten berlokasi di Jl. Faridan M Noto No.7, Kotabaru, Kec. Gondokusuman, Kota Yogyakarta, Daerah Istimewa Yogyakarta(maps). Tempat ini selalu ramai pengunjung terutama pada jam-jam makan siang atau malam. Pada Jam tersebut sebaiknya kamu datang lebih awal, agar kamu mendapatkan tempat. Tidak jarang pengunjung yang harus masuk waiting list untuk mendapatkan kursi. Saat reservasi akan ada pramusaji wanita dengan kostum jawa yang akan mencatat pesanan kamu. Tempat untuk menunggu reservasi pun sangat unik terdapat meja yang dijaga oleh pramusaji dan terdapat kursi panjang ala ruang tunggu terminal yang di pasang berbanjar.",Makanan,"Jl. Faridan M Noto No.7, Kotabaru, Kec. Gondokusuman, Kota Yogyakarta, Daerah Istimewa Yogyakarta 55224",Yogyakarta,4.5,"{'lat': -7.78517809674377, 'lng': 110.371387770034}",-7.785.178.097,1.103.713.878,15000,https://upload.wikimedia.org/wikipedia/commons/8/86/House_Raminten_%284%29.jpg
31,Raminten's Kitchen,"Ramintenâ€™s Kitchen, restoran yang berlokasi berseberangan dengan SMA Stella Duce Yogyakarta atau tepatnya di Jalan Sabirin Kotabaru Yogyakarta. Hampir sama dengan restoran yang lainnya, namun yang menarik di sini adalah konsep self service yang berusaha diedukasikan oleh tim manajemen ke pelanggan-pelanggan yang berkunjung. Menu andalan di tempat ini adalah menu ayam goreng crispy yang dapat dipesan original (tanpa digeprek), dan digeprek.",Makanan,"Jl. Sabirin, Kotabaru, Kec. Gondokusuman, Kota Yogyakarta, Daerah Istimewa Yogyakarta 55224",Yogyakarta,4.3,"{'lat': -7.78440314503814, 'lng': 110.372105157817}",-7.784.403.145,1.103.721.052,15000,https://1.bp.blogspot.com/-HUMkBzSnaW8/We9Iz17C0QI/AAAAAAABLGQ/MYWrtsV7D1IkFwog2QryXTWykZn6tFONwCLcBGAs/s1600/IMG_3312.jpg
32,Tahu Gimbal Pak Yono,"""Tahu Gimbal Pak YonoÂ­"". Warung makan ini terletak di Jalan TeÂ­ntara Pelajar, tepatnya di sebelah utaraÂ­ Kantor Bank BPD DIY. Saking ramainya tempat makan ini, anda aÂ­kan kesulitan untuk mendapatkan tempat dÂ­uduk jika datang ke Tahu Gimbal Pak YonoÂ­ saat jam makan siang. Anda harus rela bÂ­ersabar untuk mendapatkan satu porsi hidÂ­angan tahu gimbal yang berisikan gimbal Â­(bakwan udang), tahu, telur mata sapi, kÂ­etupat, irisan kobis, tauge, kemudian diÂ­ siram dengan bumbu kacang, dan ditaburiÂ­ daun seledri. Yang membuat orang rela antre untuk mencÂ­icipi Tahu Gimbal Pak Yono adalah rasanyÂ­a yang memang lezat. Kombinasi gurihnya Â­udang, telur ceplok, tahu, segarnya sayuÂ­ran, berpadu pas dengan gurih pedasnya bÂ­umbu kacang yang disiram di atasnya.",Makanan,"Jl. Tentara Rakyat Mataram No.35, Bumijo, Kec. Jetis, Kota Yogyakarta, Daerah Istimewa Yogyakarta 55231",Yogyakarta,4.5,"{'lat': -7.7867608795336, 'lng': 110.357457463769}",-778.676.088,1.103.574.575,75000,https://d1sag4ddilekf6.azureedge.net/compressed/merchants/6-CY2GA3KEAEEER2/hero/c128c0b6548f4f14bea86499e924b90d_1572342370804011307.jpeg
34,Mie Ayam Bu Tumini Sari Rasa Jati Ayu,"warung mie ayam bu Tumini Yogyakarta yang termasuk satu diantara kuliner legendaris di Yogyakarta. warung tersebut sudah buka pada awal tahun 1990-an. Memiliki citra rasa mantap dan berkarakter, itulah menjadi penyebab utama hingga sekarang warung mi ayam bu Tumini masih terus eksis, bahkan mampu bersaing secara sportif ditengah menjamurnya para pedagang mie ayam di kota Jogja. pasalnya ukuran mie cukup lah besar serta kuah mie ayam berwarna kecokelatan. Kuah mie seperti terasa citra rasa gurih manis yang berasal dari proses masak ayam digunakan sebagai toping mi ayam. Ketika sobat mulai mencicipi mi ayam, kekenyalan mie berpadu sempurna dengan gurih manis kuah mi ayam. Selain itu, daging ayam disajikan pun tak pelit, sebab ukuran daging cukup besar-besar dan memiliki tekstur daging empuk dan gurih.",Makanan,"Jl. Imogiri Tim. No.187, Giwangan, Kec. Umbulharjo, Kota Yogyakarta, Daerah Istimewa Yogyakarta 55163",Yogyakarta,4.5,"{'lat': -7.83377252757425, 'lng': 110.390716786114}",-7.833.772.528,1.103.907.168,12000,"https://ik.imagekit.io/tvlk/cul-asset/guys1L+Yyer9kzI3sp-pb0CG1j2bhflZGFUZOoIf1YOBAm37kEUOKR41ieUZm7ZJ/cul-assets-252301483284-b172d73b6c43cddb/culinary/asset/REST_IMG-944x720-FIT_AND_TRIM-0864d99b1e70e862702808acb4c7ef41.jpeg?tr=q-40,c-at_max,w-1080,h-1920&_src=imagekit"
35,Bakso Klenger Ratu Sari (Meatball),"Bakso yang dibuat oleh warung ratu sari Yogyakarta memiliki beragam ukuran, misal bakso paling besar memiliki berat mencapai 5 kilogram yang jelas membuat siapa pun memakannya akan dibuat klenger, berbeda dengan bakso Boedjangan Malang yang lebih mementingkan variasi menu bakso. Kalau ukuran yang seperti ini nih cocok banget dimakan masal bareng teman-teman atau keluarga, supaya terlihat eksis jangan lupa ya difoto lalu diupload ke sosial media hehe.",Makanan,"Jl. Wahid Hasyim No.296, Nologaten, Caturtunggal, Kec. Depok, Kabupaten Sleman, Daerah Istimewa Yogyakarta 55281",Yogyakarta,4.5,"{'lat': -7.77912487770799, 'lng': 110.400129589356}",-7.779.124.878,1.104.001.296,45000,https://encrypted-tbn0.gstatic.com/images?q=tbn:ANd9GcT4YYxZd-uSJ1V88L28KiV5oMqrV4dTDJRiHQ&usqp=CAU
36,Gudeg Bromo Bu Tekluk," gudeg Bromo Bu Tekluk ini menjadi begitu terkenal dengan proses yang panjang. Gudeg Bu Tekluk ini sendiri sudah berdiri sejak tahun 1984 silam. Nama asli dari gudeg Bu Tekluk ini awalnya adalah gudeg Bromo. Perintis dari bisnis gudeg ini bernama Bu Sumijo. Penamaan dari gudeg ini ternyata bukanlah sembarangan. Kata â€˜teklukâ€™ sendiri berasal dari bahasa Jawa yang artinya adalah terkantuk-kantuk atau mengalami kantuk berat yang membuat kepala seseorang menjadi tidak sengaja tertunduk. enu utama yang ditawarkan dari kedai Bu Tekluk ini adalah gudeg basah. Satu porsi dari gudeg basah ini akan dilengkapi dengan berbagai jenis lauk pauk yang begitu menggoda. Lauk pauk yang dimaksud ini mulai dari tempe, tahu, ayam suwir, telur bacem, hingga daging ayam.",Makanan,"Jl. Affandi No.2-A, Santren, Caturtunggal, Kec. Depok, Kabupaten Sleman, Daerah Istimewa Yogyakarta 55281",Yogyakarta,4.3,"{'lat': -7.77372863478475, 'lng': 110.389590124126}",-7.773.728.635,1.103.895.901,20000,https://www.whiteboardjournal.com/wp-content/uploads/2020/11/PTG-GudegBromo-4.jpg
37,Warung Makan Ayam Geprek Bu Rum 1,"Di Yogyakarta, ada satu warung yang disebut menjadi pelopor ayam geprek yaitu ayam geprek Bu Rum I. Warung itu telah berdiri sejak 2003 di Jalan Wulung, Papringan, Caturtunggal, Depok Sleman. Pemiliknya bernama Ruminah atau yang akrab disapa Bu Rum. Bu Rum menuturkan, penemuan ayam geprek ini tidak sengaja. Wanita 59 tahun itu mengatakan awalnya ada mahasiswa yang minta untuk dibuatkan sambal. Kemudian sambal ditumbuk dengan ayam goreng tepung.",Makanan,"Jl. Wulung, Papringan, Caturtunggal, Kec. Depok, Kabupaten Sleman, Daerah Istimewa Yogyakarta 55281",Yogyakarta,4.5,"{'lat': -7.77569048109551, 'lng': 110.395405030913}",-7.775.690.481,110.395.405,75000,https://awsimages.detik.net.id/community/media/visual/2020/06/22/ayam-geprek-bu-rum-2.jpeg?w=1280
39,SGPC Bu Wiryo 1959,"Beragam menu disajikan secara langsung mulai aneka sayur mayur khas racikan nasi pecel lengkap dengan lauk pauk pendampingnya mulai dari gorengan, baceman, sate juga telur. Disertai sayuran berupa bayam, kacang panjang dan tauge berbalur menjadi satu serasi dengan siraman bumbu kacang lezat.Racikan pecel di sini memang khas berbeda dengan umumnya nasi pecel didominasi rasa pedas, sego pecel Bu Wiryo lebih di dominasi rasa manis disesuaikan dengan lidah orang Yogyakarta dan citarasa khasnya dipertahankan turun temurun hingga sekarang.",Makanan,"Jl. Agro No.10, Kocoran, Caturtunggal, Kec. Depok, Kabupaten Sleman, Daerah Istimewa Yogyakarta 55281",Yogyakarta,4.2,"{'lat': -7.76683160020219, 'lng': 110.384978967216}",-77.668.316,110.384.979,20000,https://www.gudeg.net/cni-content/uploads/modules/direktori/logo/20160406081524.jpg
40,Bakmi Kadin,Bakmi & Bajigur Kadin Mbah H. Karto adalah salah satu tempat makan atau restoran yang cukup populer di Jogja. Menu hidangan utama yang disajikan disini adalah Mie Jawa.Tidak ada tiket khusus yang perlu kamu keluarkan untuk bisa memasuki area warung makan ini. Budget yang perlu kamu siapkan hanyalah untuk membayar menu makanan dan minuman pesananmu saja.Selebihnya kamu bisa menyisihkan sedikit receh uangmu untuk membayar karcis parkir kendaraan. Jika tertarik untuk makan di Bakmi Kadin ini setidaknya kamu harus membawa uang sekitar 50ribu untuk seorangnya.,Makanan,"Senopati, Jl. Bintaran Kidul No.6, Wirogunan, Kec. Mergangsan, Kota Yogyakarta, Daerah Istimewa Yogyakarta 55151",Yogyakarta,4.1,"{'lat': -7.80197953905578, 'lng': 110.372593932474}",-7.801.979.539,1.103.725.939,25000,https://www.jejakpiknik.com/wp-content/uploads/2019/09/halaman-bakmi-kadin-630x380.jpg
41,JEBAK ( Jejak Bali Kuliner),Tempat berkumpulnya para vendor makanan dengan lebih dari 200 menu sambil menikmati live musik.,Makanan,"Jl. Teuku Umar No.212, Dauh Puri Kauh, Kec. Denpasar Bar., Kota Denpasar, Bali 80113",Bali,4.3,"{'lat': -8.680513334370504, 'lng': 115.20158223241762}",-8.680.513.334,1.152.015.822,150000,"https://www.denpasarkota.go.id/uploads/berita/berita_190711101159_JejakBaliKuliner,MenuMakananSegalaRasaSegalaKalanganAdadiSini.jpg"
42,Pondok Seafood Cak Har,"Ikan bakarnya enaaak... ikan baronangnya neasr dan fresh.. 88 ribu seekor. Trus cumi lada hitamnya jg enak tp agak oily gitu bumbunya.. dan cuminya udh digoreng tepung, tp bisa sih keanya request kalo gamau digoreng. Sambelnya jg enak. Tempatny cukup luas dan nyaman walaupun lmym banyak lalat hehehe. Menunya beragam ada ikan laut, gurame, udang, kerang, kepiting, cumi, sayuran, ayam dan bebek jg.",Makanan,"Jl. Teuku Umar No.222, Dauh Puri Kauh, Kec. Denpasar Bar., Kota Denpasar, Bali 80117",Bali,4.3,"{'lat': -8.680896572457401, 'lng': 115.20050284423677}",-8.680.896.572,1.152.005.028,100000,https://b.zmtcdn.com/data/pictures/5/1705375/96a8b1b6cdf2039cb2f6bdd48e971367.jpg
43,Bale Udang Mang Engking Kuta,Tempat makan yg unik memiliki gubug-gubug diatas kolam ikan menyajikan menu khas Indonesia.,Makanan,"Jl. Nakula No.88, Pemecutan Klod, Kec. Denpasar Bar., Kota Denpasar, Bali 80119",Bali,4.4,"{'lat': -8.699604043838137, 'lng': 115.18301868615026}",-8.699.604.044,1.151.830.187,-,https://media-cdn.tripadvisor.com/media/photo-s/0f/07/29/ff/bale-bamboo-floating.jpg
44,Makan Place,Makan Place memperkenalkan berbagi makanan untuk masakan favorit Barat dan Asia. Porsi yang murah hati sangat cocok untuk keluarga atau sekelompok teman yang mencari pengalaman makan siang atau makan malam yang intim.,Makanan,"Jl. Padma No.1, Legian, Kec. Kuta, Kabupaten Badung, Bali 80361",Bali,4.4,"{'lat': -8.706036539694576, 'lng': 115.16827769069502}",-870.603.654,1.151.682.777,-,https://media-cdn.tripadvisor.com/media/photo-s/16/2a/29/d3/a-giant-nest-of-black.jpg
45,Kedaton Restaurant,"Datang ke sini saat makan siang hari kerja, tidak begitu yakin di mana kami ingin makan jadi teman saya merekomendasikan tempat ini. Kami pergi ke restoran, mereka memiliki tempat parkir tepat di depan restoran. Sedangkan untuk restorannya adalah tipe restoran warung biasa, di mana mereka menampilkan makanan di balik gelas dan Anda dapat memilih makanan yang Anda inginkan. Tempatnya agak kecil, jadi sangat tidak direkomendasikan jika Anda berada dalam kelompok besar. Adapun makanan/masakan adalah indonesia dan makanan yang saya pilih adalah ayam goreng, pare, terong, nasi merah di piring kedua saya punya nasi merah, tempe goreng dan kacang tanah, ayam suwir dengan sambal, dan labu goreng. Porsi bijaksana pasti di sisi yang lebih kecil. Bukan yang paling enak tapi pasti sesuatu yang Anda tidak akan bosan untuk waktu yang lama. Di samping mereka juga memberi Anda sup daging babi dan kacang yang merupakan lapisan tambahan rasa yang enak untuk makanan.",Makanan,"Jl. Raya Kuta No.62/3, Kuta, Kec. Kuta, Kabupaten Badung, Bali 80361",Bali,4.3,"{'lat': -8.717579890571328, 'lng': 115.18080396691515}",-8.717.579.891,115.180.804,-,https://b.zmtcdn.com/data/reviews_photos/eb9/b885c4a0fd8bd08e0fe7248acdfa7eb9_1576051204.jpg
46,Warung Makan Nikmat halal,"Kamu mau ke Bali tapi takut susah cari makanan Halal? Ga usah takut karena di Bali banyak kok warung makan Halal. Salah satu tempat makan yang bisa jadi pilihan pelancong muslim yang ingin makan makanan halal, nikmat dan murah bisa ke Warung Makan Nikmat, Kuta, Bali.",Makanan,"Gg. Biduri No.6A, Kuta, Kec. Kuta, Kabupaten Badung, Bali 80361",Bali,4.5,"{'lat': -8.72575212803431, 'lng': 115.17454546140799}",-8.725.752.128,1.151.745.455,-,https://3.bp.blogspot.com/-3GP1Sc67nMo/Wh40pR72lDI/AAAAAAAAD3g/-QGq-g3zDf05RusP-5XFzP5KxhoQoBeRgCLcBGAs/w1200-h630-p-k-no-nu/Warung-Makan-Nikmat-Kuta-Bali.jpg
47,Goemerot Restaurant,Hidangan daerah seperti piring ayam berbumbu disajikan di restoran santai yang memiliki taman bermain ini.,Makanan,"Jl. Tukad Gangga No.8, Dauh Puri Klod, Denpasar Selatan, Kota Denpasar, Bali 80234",Bali,4.5,"{'lng': -8.67537291813632, 'lng' : 115.22809630874636}",-8.675.372.918,1.152.280.963,-,https://media-cdn.tripadvisor.com/media/photo-s/11/74/78/10/20171205-192217-largejpg.jpg
48,Made's Warung,"Tempat makan ramai yang sudah berdiri lama menyajikan masakan Indonesia & global, dengan pertunjukan tari Bali.",Makanan,"Jl. Raya Seminyak, Seminyak, Kuta, Jl. Raya Seminyak No.7, Seminyak, Kec. Kuta, Kabupaten Badung, Bali 80361",Bali,4.3,"{'lat': -8.689390064288334, 'lng': 115.16770217975468}",-8.689.390.064,1.151.677.022,-,https://www.water-sports-bali.com/wp-content/uploads/2021/04/Mades-Warung-Seminyak-Feature-Image.jpg
49,Bebek Tepi Sawah,"Tempat makan luas dan nyaman yang menyajikan daging panggang & hidangan nasi tradisional, plus bir & koktail.",Makanan,"Krisna Wisata Kuliner Lantai 2, Jalan Raya Tuban, Tuban, Kec. Kuta, Kabupaten Badung, Bali 80361",Bali,4.3,"{'lat': -8.741767847500224, 'lng': 115.17923059490295}",-8.741.767.848,1.151.792.306,-,https://www.balitoursclub.net/wp-content/uploads/2019/05/Restaurant-Bebek-Tepi-Sawah-di-Ubud.jpg
50,Ayam Betutu Khas Gilimanuk,"Ayam khas Gilimanuk, kalian ga perlu ragu kesini, karena ini makanan bali paling enaak sejagad rawamangun, harga nya sesuai, top deh, kebetulan juga uda bbrp kali makan di tempat dan bawa pulang kerumah juga, tp aku lebih suka makan di tempat krn masih panas yeah â˜ºï¸ recomended",Makanan,"Jl. Raya Tuban No.2X, Tuban, Kec. Kuta, Kabupaten Badung, Bali 80361",Bali,4.4,{'lat': -8740442049 'lng': 1151788326},-8.740.442.049,1.151.788.326,-,https://arifsetiawan.com/wp-content/uploads/2016/12/IMG_4702-1024x768.jpg
51,Restoran Renon,"Tampaknya di Bali sulit menemukan restoran Halal, Renon Restaurant adalah salah satu yang terbaik sejauh ini! Kami memesan Kaki Ayam (dimsum), Siomay, Udang Rebus, Daging Sapi Lada Hitam, Sup Kepiting Asparagus, dll. dan semuanya lezat! Layanannya ok dan mereka memberi kami makanan penutup gratis juga (seperti Sop Buah atau Sup Buah) dan itu bagus. Sayangnya mereka kehabisan Hakaw tetapi pasti akan segera kembali.",Makanan,"Jl. Cok Agung Tresna No.85, Sumerta Kelod, Kec. Denpasar Tim., Kota Denpasar, Bali 80239",Bali,4.5,"{'lat': -8666861928, 'lng': 115235826}",-8.666.861.928,115.235.826,-,https://youimg1.tripcdn.com/target//100e170000011i67p12FD_C_551_310.jpg
52,Warung Mak Beng,"Berwisata kuliner di Bali tak melulu bebek betutu, nasi pedas, sate lilit atau nasi campur. Ada salah satu racikan sambal yang membuat satu warung makan begitu melegenda. Ialah Warung Sambal Mak Beng, yang begitu tersohor di daerah Sanur, Bali. Warung makan sederhana itu seolah tak kunjung sepi dari siang hingga malam. Anda bisa membuktikannya langsung ke Jalan Hang Tuah No 45, Sanur, Denpasar, Bali. Persis di depan pura, dan dekat sekali dengan salah satu pintu masuk Pelabuhan Sanur.",Makanan,"Jalan Hang Tuah No.45, Sanur Kaja, Denpasar Selatan, Jl. Hang Tuah No.51, Sanur Kaja, Denpasar Selatan, Kota Denpasar, Bali 80227",Bali,4.6,"{'lat': -8673637904, 'lng': 1152630242}",-8.673.637.904,1.152.630.242,-,https://asset.kompas.com/crop/0x83:1000x750/750x500/data/photo/2018/10/04/4146952947.jpg
53,Warung Makan MADE,"Jika Anda mencari makanan Indonesia di Uluwatu, ini dia.. harga terjangkau, tempat yang bagus.. Saya suka â€œCumi Goreng Mentegaâ€, tumis kangkung, ikan bakar.",Makanan,"Jl. Mataram, Kuta, Kec. Kuta, Kabupaten Badung, Bali 80361",Bali,4.4,"{'lat': -871193143, 'lng': 115176311}",-871.193.143,115.176.311,-,https://www.water-sport-bali.com/wp-content/uploads/2012/11/Warung-Made-Seminyak-Twitter.jpg
54,Nasi Ayam Kedewatan Ibu Mangku - Petitenget Seminyak,"Nasi ayam kedewatan Ibu mangku sudah ada sejak tahun 1964. Dan sejak itu..hanya memiliki 1 menu...nasi ayam. Saya sudah menjadi pelanggan setia sejak bertahun-tahun yang lalu, dan saya merasa rasanya sama, enak. Di nasi ayam ini ada ayam garang asam atau ayam betutu, pepes ayam, ayam suwir, sate ayam, oseng ati ampela, sayur dan kacang. Harganya terjangkau bagus. Secara keseluruhan, nasi ayam kedewatan ibu mangku adalah tempat makan yang enak dengan harga terjangkau. selamat makan",Makanan,"Jl. Kayu Jati No. 12, Patitenget, Seminyak, Kuta, Kerobokan Kelod, Kuta Utara, Kerobokan Kelod, Kec. Kuta Utara, Kabupaten Badung, Bali 80361",Bali,4.4,"{'lat': -8682269513, 'lng': 1151548945}",-8.682.269.513,1.151.548.945,-,https://media-cdn.tripadvisor.com/media/photo-s/12/88/a8/e4/alamatnya.jpg
55,Biku,"Tempat makan dengan menu western dan Indonesia, tersedia juga aneka variasi teh, kopi, dan cake.",Makanan,"Jalan Petitenget No.888 Seminyak, Kerobokan Kelod, Kec. Kuta Utara, Kabupaten Badung, Bali 80361",Bali,4.6,"{'lat': -8678371528, 'lng': 1151538825}",-8.678.371.528,1.151.538.825,-,https://www.kintamani.id/wp-content/uploads/Restoran-Biku-Bali-5.jpg
56,Warung Cahaya,"Daging babi bagi saya pribadi tidak terlalu empuk. Tapi masih oke. Dan sambal matahnya enak. Sambal mereka lebih dominan di bawang merah. Jadi rasanya tidak terlalu pedas. Dan 1 yang menjadi perhatian saya adalah tempat pemesanan terkadang dibiarkan kosong. Jadi, tidak ada yang melayani Anda",Makanan,"Jl. Dewi Ratih No.1, Legian, Kec. Kuta, Kabupaten Badung, Bali 80361",Bali,4.3,"{'lat': -8699371379, 'lng': 1151750013}",-8.699.371.379,1.151.750.013,-,https://media-cdn.tripadvisor.com/media/photo-s/07/ba/58/5b/photo0jpg.jpg
57,Nook,"Tempat makan outdoor yg asri dan hijau, bernuansa alam menyajikan aneka hidangan western dan bali.",Makanan,"Jl. Umalas 1 No.3, Kerobokan Kelod, Kec. Kuta Utara, Kabupaten Badung, Bali 80361",Bali,4.5,"{'lat': -8669420864, 'lng': 115161169}",-8.669.420.864,115.161.169,-,https://bb.trvcdn.net/uploads/galleries/1171012817570d1429706bb_Nook_3.jpg
58,"Warung Wardani - Yudistira, Denpasar",Ingin mencoba makanan khas Bali yang halal saat berlibur di pulau dewata. Warung Wardani Kuta salah satu tempat makan halal di Bali yang terkenal.,Makanan,"Jl. Yudistira No.2, Dangin Puri Kauh, Kec. Denpasar Utara, Kota Denpasar, Bali 80232",Bali,4.3,"{'lat': -8651057907, 'lng': 1152158877}",-8.651.057.907,1.152.158.877,-,https://www.water-sport-bali.com/wp-content/uploads/2013/06/warung-wardani-bali.jpg
59,Warung Babi Guling Bu Dayu Kencani,"Permata tersembunyi yang sebenarnya di Denpasar Bali, suasana pedesaan yang indah dikelilingi dengan suasana hijau, tempat yang cukup di Kota, makanannya sangat lezat, saya suka makan daging babi (Babi Guling) di restoran ini",Makanan,"Jl. Raya Kuta No.116, Kuta, Kec. Kuta, Kabupaten Badung, Bali 80361",Bali,4.5,"{'lat': -8722156538, 'lng': 1151773534}",-8.722.156.538,1.151.773.534,-,https://media-cdn.tripadvisor.com/media/photo-p/12/ee/73/72/photo2jpg.jpg
60,Warung Kampong Pedas,"Tempe oreknya tekturnya gk konsisten, ada yang lembek ada yang keras,dan manis terlalu manis. Kentang baladonya agk terlalu lembek, rasanya tidak menonjol dan terkadamg pas makan ada bau yang tidak enak. Ayam suirnya yang biasanya jadi juara, malah mengecewakan bangett!!!!!!!! Tekturnya sedikit keras, rasanya cenderung manis, mungkin karna yang di pakai cenderung cabe gede and keriting jadi ngubah rasanya banget!!!",Makanan,"Jl. Dharmawangsa No.18, Benoa, Kec. Kuta Sel., Kabupaten Badung, Bali 80361",Bali,4,"{'lat': -8804271654, 'lng': 1152059863}",-8.804.271.654,1.152.059.863,-,https://media-cdn.tripadvisor.com/media/photo-s/09/95/fc/ff/warung-kampong-pedas.jpg
61,Layana Warung,"Permata indah dengan pemandangan air terjun yang indah dan makanan lokal yang enak. Saya datang setiap hari untuk menikmati kopi dan pemandangan yang luar biasa dan pelayan saya, Arik adalah wanita yang cantik, baik, dan sangat manis. Cara sempurna untuk memulai hari atau bersantai sambil menikmati makanan, minuman, dan camilan! Beberapa kopi terbaik di Ubud dan suasananya menyegel kesepakatan. Tempat yang bagus untuk berhenti di jalan keluar Anda untuk melihat beberapa dari banyak air terjun yang lebih besar yang hanya berjarak sekitar 15-20 menit dari sini. Saya akan kembali !",Makanan,"Jl. Raya Goa Gajah, Bedulu, Kec. Blahbatuh, Kabupaten Gianyar, Bali 80582",Bali,4.5,"{'lat': -8522459133, 'lng': 1152843858}",-8.522.459.133,1.152.843.858,-,https://theworldtravelguy.com/wp-content/uploads/2019/02/DSCF0615.jpg
62,Jendela Bali The Panoramic Resto,Tempat makan di GWK dengan suasana yg santai dan terbuka menyajikan menu masakan Indonesia dan Asia.,Makanan,"55R9+G6M, Jl. Raya Uluwatu, Ungasan, Kec. Kuta Sel., Kabupaten Badung, Bali 80361",Bali,4.4,"{'lat': -8808650531, 'lng': 1151680229}",-8.808.650.531,1.151.680.229,-,https://media-cdn.tripadvisor.com/media/photo-s/0b/ac/d1/ed/ceca510a-aaaf-43c4-a597.jpg
63,Krisna Resto,Krisna Gallery and Resto merupakan restaurant yang berada di pusat kota denpasar dengan areal parkir yang luas dan tempat kekinian.,Makanan,"Jl. Diponegoro No.146, Dauh Puri Klod, Kec. Denpasar Bar., Kota Denpasar, Bali 80232",Bali,4.4,"{'lat': -8667854363, 'lng': 1152150198}",-8.667.854.363,1.152.150.198,-,"https://sp-ao.shortpixel.ai/client/to_webp,q_glossy,ret_img,w_1600,h_900/https://krisnabali.co.id/wp-content/uploads/2019/12/krisna-gallery-resto-outlet-3.jpg"
64,Warung Be Pasih,"Rasa makanannya enak, porsi makanannya juga cukup enak buat saya. Banyak makanan Bali dan beberapa makanan Indonesia dan yang pasti masih Halal. Memiliki charger listrik untuk setiap meja dan area parkir juga cukup besar. Akan ada band yang memainkan musik selama waktu makan siang.",Makanan,"Jl. Pemuda III No.24, Renon, Denpasar Selatan, Kota Denpasar, Bali 80239",Bali,4.5,"{'lat': -8675453043, 'lng': 115240622}",-8.675.453.043,115.240.622,-,https://media-cdn.tripadvisor.com/media/photo-s/11/c7/e6/04/warung-be-pasih-renon.jpg
65,Ayam Bakar Taliwang Baru,"Tempat yang sibuk jelas sangat populer di kalangan penduduk setempat. Makanan Lombok halal murah yang bagus. Kami memiliki beberapa hidangan ayam yang porsinya cukup kecil, jadi pesanlah lebih dari yang Anda butuhkan, tetapi harganya sangat terjangkau, jadi tidak masalah. Akan menyenangkan dengan AC tetapi ada banyak kipas langit-langit yang membuatnya cukup nyaman. Pasti akan pergi lagi jika kita kembali ke Bali.",Makanan,"Jl. Teuku Umar No.8, Dauh Puri Kauh, Kec. Denpasar Bar., Kota Denpasar, Bali 80113",Bali,4.4,"{'lat': -8669164916, 'lng': 1152129601}",-8.669.164.916,1.152.129.601,-,"https://b.zmtcdn.com/data/pictures/2/18531422/73ff17e32eb2a1c4114c0f58489a886f.jpg?fit=around|300:273&crop=300:273;*,*"
66,Nasi Ayam Kedewatan Ibu Mangku - Renon (Cabang I),"Restoran nyaman dengan dekorasi & tanaman hijau tradisional yang menawarkan hidangan ayam & nasi, serta minuman khas.",Makanan,"Jl. Teuku Umar No.8, Dauh Puri Kauh, Kec. Denpasar Bar., Kota Denpasar, Bali 80113",Bali,4.4,"{'lat': -866916019, 'lng': 1152129596}",-866.916.019,1.152.129.596,-,https://2.bp.blogspot.com/-N89ffd9qfmM/Whdm_6-KAbI/AAAAAAAAYyg/h1PB29CCCJI-HFnUMQTo_7UKv8tECfohQCLcBGAs/s1600/Nasi%2BAyam%2BKadewatan%2B4.jpg
67,Nasi Pedas Ibu Andika,Restoran lingkungan sederhana yang menyajikan hidangan nasi pedas & makanan khas lokal lainnya.,Makanan,"Jl. Raya Kuta No.100, Kuta, Kec. Kuta, Kabupaten Badung, Bali 80361",Bali,4.2,"{'lat': -8726943238, 'lng': 1151766747}",-8.726.943.238,1.151.766.747,-,https://media-cdn.tripadvisor.com/media/photo-s/0e/df/9f/cb/img-20170216-201822-largejpg.jpg
68,Ayam Betutu Pak Man Kuta,"Makanannya enak! Itu pedas, tapi pedas gooood ğŸ˜ Kami adalah sekelompok 7 ketika kami makan di sini, kami baru saja tiba dari bandara dan itu cukup untuk menahan rasa lapar kami dari penerbangan. Ini juga bagus karena mereka memiliki sayuran di sini. Apa yang kami pesan: 2 Sate Ayam, 2 Nasi Goreng, 1 Ayam Goreng, 1 Bebek Goreng, dan 1 Pelicing Kangkung",Makanan,"Jl. Kubu Anyar No.72x, Kuta, Kec. Kuta, Kabupaten Badung, Bali 80361",Bali,4.4,"{'lat': -8732323666, 'lng': 1151707839}",-8.732.323.666,1.151.707.839,-,https://nindarahadi.com/wp-content/uploads/2018/01/IMG_6033.jpg
69,Warung Nasi Bali Made Weti,"Hidangan klasik Indonesia, termasuk makanan khas Bali, disajikan di tempat pinggir jalan yang nyaman.",Makanan,"Jl. Letda Reta No.52, Dangin Puri Klod, Kec. Denpasar Tim., Kota Denpasar, Bali 80233",Bali,4.3,"{'lat': -866376724, 'lng': 1152227678}",-866.376.724,1.152.227.678,-,https://bali-backpacker.com/wp-content/uploads/2017/04/bali-backpacker_men_weti_restaurant_sanur_nasi_campur_bali_2.jpg
70,Warung Tepi Tebing,"Warung Tepi Tebing bisa menjadi persinggahan menarik saat pelesir ke Pulau Dewata Bali. Tempat makan ini dijamin menyuguhkan makanan dengan cita rasa yang menggugah selera. Apalagi, tempat ini juga menawarkan pemandangan unik yang sulit dijumpai di tempat makan lainnya.",Makanan,"Jl. Raya Singapadu, Singapadu Kaler, Kec. Sukawati, Kabupaten Gianyar, Bali 80571",Bali,4.3,"{'lat': -8567091248, 'lng': 1152550153}",-8.567.091.248,1.152.550.153,-,https://media-cdn.tripadvisor.com/media/photo-s/10/41/f8/f9/warung-tepi-tebing.jpg
71,Bebek Bengil,Restoran terkenal dengan bebek goreng dan berbagai masakan khas Bali dan full bar.,Makanan,"Jl. Hanoman, Ubud, Kecamatan Ubud, Kabupaten Gianyar, Bali 80571",Bali,4.2,"{'lat': -8517783094, 'lng': 1152636947}",-8.517.783.094,1.152.636.947,-,https://www.balitoursclub.net/wp-content/uploads/2019/05/Restoran-Bebek-Bengil-Ubud.jpg
72,Mie Tomcat Bali,Mereka menyajikan berbagai jenis mie dan minuman. Mereka super murah dan rasanya adil.,Makanan,"Denpasar Cineplex, Jl. Gn. Semeru No.3, Pemecutan, Kec. Denpasar Bar., Kota Denpasar, Bali 80119",Bali,4.2,"{'lat': -8655956383, 'lng': 1152094179}",-8.655.956.383,1.152.094.179,-,https://fastly.4sqi.net/img/general/600x600/12439437_RDVid7EGdgYDZCYN_Oo6qNoSz5iESA_yh1At6UGeudw.jpg
73,Warung Indonesia,"Tempatnya begitu Indonesia dan pelayanannya sangat bagus. Dan makanannya enak, benar-benar Indonesia. Makanannya mengingatkan saya pada kampung halaman saya, Bandung",Makanan,"75JF+RF8, Jl Popies II Gg Ronta, Kuta, Kec. Kuta, Kabupaten Badung, Bali 80361",Bali,4.5,"{'lat': -8717922385, 'lng': 1151737031}",-8.717.922.385,1.151.737.031,-,https://media-cdn.tripadvisor.com/media/photo-s/0e/d0/3a/4c/photo2jpg.jpg
74,Segara Bambu Restaurant,Hidangan laut ala Indonesia yang disajikan di tempat kasual bernuansa pedesaan dengan pondok gazebo & kolam ikan.,Makanan,"Jl. Astasura No.99, Peguyangan Kangin, Kec. Denpasar Utara, Kota Denpasar, Bali 80239",Bali,4.5,"{'lat': -8611302155, 'lng': 1152199984}",-8.611.302.155,1.152.199.984,-,"https://denpasarkota.go.id/uploads/datang/datang_193010021018_GubukMakanSegaraBambudiBali,tempatmakanyangcocokuntukkeluarga.jpg"
75,Labak Sari Restaurant,Makanan di sini sangat enak dan murah! Waktu penyajiannya cukup cepat dan servernya sangat baik. Saya juga suka suasana dan getaran restoran ini!,Makanan,"Jl. Tirta Tawar, Br. Abangan, 80571, Ubud 80571, Ubud, Tegallalang, Gianyar Regency, Bali 80571",Bali,4.7,"{'lat': -8468291109, 'lng': 115269854}",-8.468.291.109,115.269.854,-,https://media-cdn.tripadvisor.com/media/photo-s/10/c1/a9/86/labak-sari-restaurant.jpg
76,Milu By Nook,Tempat makan berangin yang menyajikan hidangan Bali & Barat di tempat mencolok dengan pemandangan luas.,Makanan,"Jl. Pantai Berawa No. 90 XO, Canggu, Kuta, Tibubeneng, Kec. Kuta Utara, Kabupaten Badung, Bali 80361",Bali,4.6,"{'lat': -8660532041, 'lng': 115.17923059490295}",-8.660.532.041,1.151.440.873,-,https://www.balirealtyhv.com/wp-content/uploads/2019/06/Milu-By-Nook-1-@s__venton.jpg
77,Bebek Tepi Sawah Nusa Dua,"Tempat makan yg menyajikan aneka menu western dan local, menu andalannya bebek goreng dan sambel.",Makanan,"Kawasan BTDC Area Bali Collection, Nusa Dua, Benoa, Kec. Kuta Sel., Kabupaten Badung, Bali 80363",Bali,4.2,"{'lat': -8801765193, 'lng': 1152323551}",-8.801.765.193,1.152.323.551,-,https://b.zmtcdn.com/data/pictures/1/1701431/b33edbe7ba9809c279c10b7109716ace.jpg
78,Warung Makan Teges,"Luar biasa, nasi campur (sate ayam, babi guling, nasi, sayuran, kerupuk) Sangat lezat & murah, tempat duduk yang bagus di belakang, harus dikunjungi, benar-benar luar biasa & institusi Ubud",Makanan,"Jalan Cok Rai Pudak,Peliatan,Ubud,Kabupaten Gianyar,Bali 80571, Peliatan, Kecamatan Ubud, Kabupaten Gianyar, Bali 80571",Bali,4.5,"{'lat': -8526278414, 'lng': 1152711857}",-8.526.278.414,1.152.711.857,-,"https://blue.kumparan.com/image/upload/fl_progressive,fl_lossy,c_fill,q_auto:best,w_640/v1560500866/lj0mnqlgoxlbgiuvcb0p.jpg"
79,Warung Pojok,"hanya salah satu nasi campur favorit saya di Bali!! meskipun rasanya tidak terlalu Bali tetapi perpaduan antara semua ""keberuntungan"" dan terutama paru goreng tidak pernah gagal untuk memenangkan hati saya!!",Makanan,"Jl. Nangka No.168, Dangin Puri Kaja, Kec. Denpasar Utara, Kota Denpasar, Bali 80234",Bali,4.4,"{'lat': -8640817455, 'lng': 1152220063}",-8.640.817.455,1.152.220.063,-,https://media-cdn.tripadvisor.com/media/photo-s/13/a9/29/65/photo2jpg.jpg
80,IBAB BALI,"Restoran simpel yang mengkhususkan diri dengan hidangan babi panggang, plus makanan penutup & nasi.",Makanan,"Jl. Dewi Sri No.88xx, Legian, Kec. Kuta, Kabupaten Badung, Bali 80361",Bali,4.4,"{'lat': -8702863243, 'lng': 1151762008}",-8.702.863.243,1.151.762.008,-,"https://ik.imagekit.io/tvlk/cul-asset/C8Kj5-dCnE75BMxGpYYdcJVuEQbV3CnmF8ONfpQKM2n9jzSxIGG5kZNhhHY-p7nw/v2/culinary-asset/guys1L+Yyer9kzI3sp/pb0CG1j2bhflZGFUZOoIf1YMmzMd/HaD8U/YhZI+EvjMM+6RmcSU0aUVNGx3wRqN5pPQWR89+hUC99Ch6wW6TW0tLs5Bo9ErDvWLHdj3iP55ClcqSmQX080Ih6Jp9TZH3E1CBNbJjDvtQTfUwDAa8KVE=?tr=q-40,c-at_max,w-1080,h-1920&_src=imagekit"
81,Gosha Kitchen & Patisserie Renon,Tempat nongkrong dua tingkat yang trendi dengan tempat duduk outdoor yang menyajikan makanan pokok Indonesia & Barat klasik.,Makanan,"Jl. Tukad Gangga No.28, Dauh Puri Klod, Kec. Denpasar Bar., Kota Denpasar, Bali 80234",Bali,4.6,"{'lat': -8677111394, 'lng': 1152280367}",-8.677.111.394,1.152.280.367,-,https://www.denpasarkota.go.id/uploads/berita/berita_190312041224_RestoranGoshaKitchen.jpg
82,Kedaton,"Datang ke sini saat makan siang hari kerja, tidak begitu yakin di mana kami ingin makan jadi teman saya merekomendasikan tempat ini. Kami pergi ke restoran, mereka memiliki tempat parkir tepat di depan restoran. Sedangkan untuk restorannya adalah tipe restoran warung biasa, di mana mereka menampilkan makanan di balik gelas dan Anda dapat memilih makanan yang Anda inginkan. Tempatnya agak kecil, jadi sangat tidak direkomendasikan jika Anda berada dalam kelompok besar. Adapun makanan/masakan adalah indonesia dan makanan yang saya pilih adalah ayam goreng, pare, terong, nasi merah di piring kedua saya punya nasi merah, tempe goreng dan kacang tanah, ayam suwir dengan sambal, dan labu goreng. Porsi bijaksana pasti di sisi yang lebih kecil. Bukan yang paling enak tapi pasti sesuatu yang Anda tidak akan bosan untuk waktu yang lama. Di samping mereka juga memberi Anda sup daging babi dan kacang yang merupakan lapisan tambahan rasa yang enak untuk makanan.",Makanan,"Jalan Raya Pengosekan Ubud, Ubud, Kecamatan Ubud, Kabupaten Gianyar, Bali 80571",Bali,4.6,"{'lat': -8520538012, 'lng': 1152626919}",-8.520.538.012,1.152.626.919,-,https://asset.kompas.com/crops/nwZNYUu9kTCivjQSFqkL_TmYv34=/0x0:1000x667/750x500/data/photo/2020/08/17/5f3a219107901.jpg
83,Laka Leke Restaurant,Hidangan klasik berseni yang disajikan di tempat terbuka yang santai dengan gubuk beratap jerami.,Makanan,"Jl. Nyuh Bojog No.32, MAS, Kecamatan Ubud, Kabupaten Gianyar, Bali 80571",Bali,4.5,"{'lat': -8520220791, 'lng': 1152574693}",-8.520.220.791,1.152.574.693,-,https://www.kintamani.id/wp-content/uploads/Laka-Leke-Hideaway-Restaurant-Ubud-1.jpg
84,Babi Guling Sari Kembar 99,"Di luar sangat panas seperti biasanya, jadi saya memutuskan untuk memesan secara online melalui grabfood. Saya memesan ""Nasi Babi Guling Lengkap"" dan ""Sup Babi"". Saya suka segala sesuatu tentang itu. Supnya enak dan hangat. Ada kunyit di dalamnya. Tidak terlalu kuat, tapi cukup untuk rasa. Saya lupa memotret supnya, tapi astaga! Dagingnya sangat murah hati hanya dengan Rp 10 ribu. Nasi Babi Guling Lengkap sangat enak. Saya paling suka sate mereka. Apakah saya akan mencoba lagi? Mungkin tidak. Saya akan mencoba Babi Guling lain dari tempat lain.",Makanan,"Jalan Teuku Umar Barat No. 99 Denpasar Barat Kerobokan Kelod Denpasar, Kerobokan Kelod, Kabupaten Badung, Bali 80119",Bali,4.4,"{'lat': -8673636578, 'lng': 1151788175}",-8.673.636.578,1.151.788.175,-,https://media-cdn.tripadvisor.com/media/photo-s/13/5d/e7/41/photo0jpg.jpg
85,Warung Laota Sunset Road,"Kami punya bubur pelangi, bubur dengan 7 jenis seafood. Ikan kukus, kangkung, bebek guling. Kami sangat menyukai bubur. Kami bahkan memiliki 2 mangkuk besar.",Makanan,"Jl. Sunset Road No.88, Legian, Kec. Kuta, Kabupaten Badung, Bali 80361",Bali,4.4,"{'lat': -8702914083, 'lng': 1151808047}",-8.702.914.083,1.151.808.047,-,https://media-cdn.tripadvisor.com/media/photo-s/0e/5b/0c/8c/warung-laota-sunset-road.jpg
86,Warung Subak,"Tempat makan hidangan laut ala Jimbaran yg nyaman dan asri dengan kapasitas besar, parkir, dan wifi.",Makanan,"Jalan Astasura No. 5 Peguyangan, Peguyangan Kangin, Kec. Denpasar Utara, Kota Denpasar, Bali 80115",Bali,4.5,"{'lat': -8611460572, 'lng': 1152187903}",-8.611.460.572,1.152.187.903,-,https://youimg1.tripcdn.com/target/100d0a00000051tu328CF_C_750_350_R5.jpg
87,Sate Babi Bawah Pohon,Tempat ini elegan dengan getaran yang luar biasa. Saya pergi untuk sarapan dan makanannya luar biasa. Layanan ini cepat dan ramah.,Makanan,"Jalan Dewi Sri IV Campuhan I No.I, Legian, Kec. Kuta, Kabupaten Badung, Bali 80361",Bali,4.5,"{'lat': -8701981982, 'lng': 1151754139}",-8.701.981.982,1.151.754.139,-,https://www.pegipegi.com/travel/wp-content/uploads/2017/05/FullSizeRender-9.jpg
88,Warung Nasi Pecel Bu Tinuk Restaurant,"Menu makanan yang di sajikan di Warung Nasi Pecel Bu Tinuk adalah makanan siap saji. Jadi anda tidak perlu menunggu makanan untuk di masak terlebih dahulu saat anda memesan. Hidangan siap saji yang di tawarkan antara lain ayam goreng, tempe bacem, empal, tahu santan, terong balado, soto ayam, sop buntut, oseng tempe, ayam suir dan sayur pecel tentunya. Pengujung bebas memilih hidangan makanan yang di sajikan. Kemudian, pedagang akan memberikan kartu bertuliskan harga makanan yang pelanggan pilih. Contohnya sepotong ayam goreng bumbu rujak, nasi, dan sayur mihun harganya Rp 35.000/porsi. Jika di tambah dengan sayur pecel maka harganya Rp 25.000/porsi. Segelas air jeruk manis panas harganya Rp 17.000. Rata-rata harga makanan per porsi dari Rp 20,000 â€“ Rp 40,000. Bagi saya harga makanannya sedikit mahal, mungkin karena berada di kawasan pariwisata Kuta Bali.",Makanan,"758H+P39, Jalan Raya, Kuta, Kec. Kuta, Kabupaten Badung, Bali 80361",Bali,4.2,"{'lat': -8733225861, 'lng': 1151777418}",-8.733.225.861,1.151.777.418,-,https://media-cdn.tripadvisor.com/media/photo-s/11/2d/90/97/photo5jpg.jpg